[{"model": "admin.logentry", "pk": 1, "fields": {"action_time": "2024-05-20T08:19:45.560Z", "user": 1, "content_type": 8, "object_id": "1", "object_repr": "Category object (1)", "action_flag": 1, "change_message": "[{\"added\": {}}]"}}, {"model": "admin.logentry", "pk": 2, "fields": {"action_time": "2024-05-20T08:19:52.278Z", "user": 1, "content_type": 8, "object_id": "2", "object_repr": "Category object (2)", "action_flag": 1, "change_message": "[{\"added\": {}}]"}}, {"model": "admin.logentry", "pk": 3, "fields": {"action_time": "2024-05-20T08:20:01.025Z", "user": 1, "content_type": 8, "object_id": "3", "object_repr": "Category object (3)", "action_flag": 1, "change_message": "[{\"added\": {}}]"}}, {"model": "admin.logentry", "pk": 4, "fields": {"action_time": "2024-05-20T08:20:05.523Z", "user": 1, "content_type": 8, "object_id": "4", "object_repr": "Category object (4)", "action_flag": 1, "change_message": "[{\"added\": {}}]"}}, {"model": "admin.logentry", "pk": 5, "fields": {"action_time": "2024-05-20T08:20:09.707Z", "user": 1, "content_type": 8, "object_id": "5", "object_repr": "Category object (5)", "action_flag": 1, "change_message": "[{\"added\": {}}]"}}, {"model": "admin.logentry", "pk": 6, "fields": {"action_time": "2024-05-20T08:20:13.511Z", "user": 1, "content_type": 8, "object_id": "6", "object_repr": "Category object (6)", "action_flag": 1, "change_message": "[{\"added\": {}}]"}}, {"model": "admin.logentry", "pk": 7, "fields": {"action_time": "2024-05-20T08:20:19.633Z", "user": 1, "content_type": 8, "object_id": "7", "object_repr": "Category object (7)", "action_flag": 1, "change_message": "[{\"added\": {}}]"}}, {"model": "admin.logentry", "pk": 8, "fields": {"action_time": "2024-05-21T10:22:58.607Z", "user": 1, "content_type": 9, "object_id": "1", "object_repr": "RTX4090Ti", "action_flag": 1, "change_message": "[{\"added\": {}}]"}}, {"model": "admin.logentry", "pk": 9, "fields": {"action_time": "2024-05-21T10:23:05.548Z", "user": 1, "content_type": 9, "object_id": "2", "object_repr": "RTX4090", "action_flag": 1, "change_message": "[{\"added\": {}}]"}}, {"model": "admin.logentry", "pk": 10, "fields": {"action_time": "2024-05-21T10:23:11.045Z", "user": 1, "content_type": 9, "object_id": "3", "object_repr": "RTX4090D", "action_flag": 1, "change_message": "[{\"added\": {}}]"}}, {"model": "admin.logentry", "pk": 11, "fields": {"action_time": "2024-05-21T10:23:36.364Z", "user": 1, "content_type": 10, "object_id": "1", "object_repr": "Microsoft Windows 10", "action_flag": 1, "change_message": "[{\"added\": {}}]"}}, {"model": "admin.logentry", "pk": 12, "fields": {"action_time": "2024-05-21T10:23:45.808Z", "user": 1, "content_type": 10, "object_id": "2", "object_repr": "Linux Fedora", "action_flag": 1, "change_message": "[{\"added\": {}}]"}}, {"model": "admin.logentry", "pk": 13, "fields": {"action_time": "2024-05-21T10:23:50.137Z", "user": 1, "content_type": 10, "object_id": "3", "object_repr": "Red Hat Enterprise Linux Server  ╨Ч╨Р╨Ъ╨Р╨Ч ╨а╨Х╨и╨Х╨Э╨Ш╨Щ ╨Ю╤В╨┤╨╡╨╗ ╨┐╤А╨╛╨┤╨░╨╢ ╨Ю╤В╨┤╨╡╨╗ ╨┐╤А╨╛╨┤╨░╨╢ ╨Ъ╨╛╨╛╤А╨┤╨╕╨╜╨░╤В╨╛╤А ╨╛╤В╨┤╨╡╨╗╨░ ╨┐╤А╨╛╨┤╨░╨╢ +7(727) 330-98-88 kazakhstan@noventiq.com ╨б╨Т╨п╨Ц╨Ш╨в╨Х╨б╨м ╨б╨Х╨Щ╨з╨Р╨б! ╨а╨Х╨и╨Х╨Э╨Ш╨п Noventiq Go Remote VMware VCPP: ╨┐", "action_flag": 1, "change_message": "[{\"added\": {}}]"}}, {"model": "admin.logentry", "pk": 14, "fields": {"action_time": "2024-05-21T10:24:22.040Z", "user": 1, "content_type": 11, "object_id": "1", "object_repr": "PS/2", "action_flag": 1, "change_message": "[{\"added\": {}}]"}}, {"model": "admin.logentry", "pk": 15, "fields": {"action_time": "2024-05-21T10:24:37.412Z", "user": 1, "content_type": 11, "object_id": "2", "object_repr": "VGA", "action_flag": 1, "change_message": "[{\"added\": {}}]"}}, {"model": "admin.logentry", "pk": 16, "fields": {"action_time": "2024-05-21T10:24:42.942Z", "user": 1, "content_type": 11, "object_id": "3", "object_repr": "DVI", "action_flag": 1, "change_message": "[{\"added\": {}}]"}}, {"model": "admin.logentry", "pk": 17, "fields": {"action_time": "2024-05-21T10:25:03.970Z", "user": 1, "content_type": 12, "object_id": "1", "object_repr": "Intel Core i9тИТ14900K", "action_flag": 1, "change_message": "[{\"added\": {}}]"}}, {"model": "admin.logentry", "pk": 18, "fields": {"action_time": "2024-05-21T10:25:08.967Z", "user": 1, "content_type": 12, "object_id": "2", "object_repr": "AMD Ryzen 9 7950X3D", "action_flag": 1, "change_message": "[{\"added\": {}}]"}}, {"model": "admin.logentry", "pk": 19, "fields": {"action_time": "2024-05-21T10:25:15.530Z", "user": 1, "content_type": 12, "object_id": "3", "object_repr": "AMD Ryzen 7 5800X3D", "action_flag": 1, "change_message": "[{\"added\": {}}]"}}, {"model": "admin.logentry", "pk": 20, "fields": {"action_time": "2024-05-21T10:25:33.279Z", "user": 1, "content_type": 13, "object_id": "1", "object_repr": "8 (ddr3)", "action_flag": 1, "change_message": "[{\"added\": {}}]"}}, {"model": "admin.logentry", "pk": 21, "fields": {"action_time": "2024-05-21T10:25:36.788Z", "user": 1, "content_type": 13, "object_id": "2", "object_repr": "16 (ddr3)", "action_flag": 1, "change_message": "[{\"added\": {}}]"}}, {"model": "admin.logentry", "pk": 22, "fields": {"action_time": "2024-05-21T10:25:41.872Z", "user": 1, "content_type": 13, "object_id": "3", "object_repr": "4 (ddr3)", "action_flag": 1, "change_message": "[{\"added\": {}}]"}}, {"model": "admin.logentry", "pk": 23, "fields": {"action_time": "2024-05-21T10:25:49.768Z", "user": 1, "content_type": 14, "object_id": "1", "object_repr": "128 (Solid-State Drive (SSD))", "action_flag": 1, "change_message": "[{\"added\": {}}]"}}, {"model": "admin.logentry", "pk": 24, "fields": {"action_time": "2024-05-21T10:25:52.829Z", "user": 1, "content_type": 14, "object_id": "2", "object_repr": "128 (Hard Disk Drive (HDD))", "action_flag": 1, "change_message": "[{\"added\": {}}]"}}, {"model": "admin.logentry", "pk": 25, "fields": {"action_time": "2024-05-21T10:25:57.076Z", "user": 1, "content_type": 14, "object_id": "3", "object_repr": "128 (Non-Volatile Memory Express (NVMe))", "action_flag": 1, "change_message": "[{\"added\": {}}]"}}, {"model": "admin.logentry", "pk": 26, "fields": {"action_time": "2024-05-21T10:29:55.661Z", "user": 1, "content_type": 7, "object_id": "1", "object_repr": "Product object (1)", "action_flag": 1, "change_message": "[{\"added\": {}}, {\"added\": {\"name\": \"product description\", \"object\": \"\\u041d\\u043e\\u0432\\u044b\\u0439 \\u0443\\u0440\\u043e\\u0432\\u0435\\u043d\\u044c \\u043f\\u0440\\u043e\\u0434\\u0443\\u043a\\u0442\\u0438\\u0432\\u043d\\u043e\\u0441\\u0442\\u0438\"}}, {\"added\": {\"name\": \"product description\", \"object\": \"\\u0412\\u044b\\u0441\\u043e\\u043a\\u043e\\u0435 \\u043a\\u0430\\u0447\\u0435\\u0441\\u0442\\u0432\\u043e \\u0438\\u0437\\u043e\\u0431\\u0440\\u0430\\u0436\\u0435\\u043d\\u0438\\u044f \\u0438 \\u0437\\u0432\\u0443\\u043a\\u0430 \\u0434\\u043b\\u044f \\u044d\\u0444\\u0444\\u0435\\u043a\\u0442\\u0438\\u0432\\u043d\\u043e\\u0439 \\u0441\\u043e\\u0432\\u043c\\u0435\\u0441\\u0442\\u043d\\u043e\\u0439 \\u0440\\u0430\\u0431\\u043e\\u0442\\u044b\"}}]"}}, {"model": "admin.logentry", "pk": 27, "fields": {"action_time": "2024-05-21T10:57:23.143Z", "user": 1, "content_type": 7, "object_id": "1", "object_repr": "ThinkPad X1 Carbon", "action_flag": 2, "change_message": "[{\"added\": {\"name\": \"product image\", \"object\": \"\\u0418\\u0437\\u043e\\u0431\\u0440\\u0430\\u0436\\u0435\\u043d\\u0438\\u0435 \\u0434\\u043b\\u044f ThinkPad X1 Carbon\"}}]"}}, {"model": "admin.logentry", "pk": 28, "fields": {"action_time": "2024-05-21T10:57:39.183Z", "user": 1, "content_type": 7, "object_id": "1", "object_repr": "ThinkPad X1 Carbon", "action_flag": 2, "change_message": "[{\"added\": {\"name\": \"product image\", \"object\": \"\\u0418\\u0437\\u043e\\u0431\\u0440\\u0430\\u0436\\u0435\\u043d\\u0438\\u0435 \\u0434\\u043b\\u044f ThinkPad X1 Carbon\"}}, {\"added\": {\"name\": \"product image\", \"object\": \"\\u0418\\u0437\\u043e\\u0431\\u0440\\u0430\\u0436\\u0435\\u043d\\u0438\\u0435 \\u0434\\u043b\\u044f ThinkPad X1 Carbon\"}}]"}}, {"model": "admin.logentry", "pk": 29, "fields": {"action_time": "2024-05-21T11:07:56.717Z", "user": 1, "content_type": 7, "object_id": "1", "object_repr": "ThinkPad X1 Carbon", "action_flag": 2, "change_message": "[{\"deleted\": {\"name\": \"product image\", \"object\": \"\\u0418\\u0437\\u043e\\u0431\\u0440\\u0430\\u0436\\u0435\\u043d\\u0438\\u0435 \\u0434\\u043b\\u044f ThinkPad X1 Carbon\"}}, {\"deleted\": {\"name\": \"product image\", \"object\": \"\\u0418\\u0437\\u043e\\u0431\\u0440\\u0430\\u0436\\u0435\\u043d\\u0438\\u0435 \\u0434\\u043b\\u044f ThinkPad X1 Carbon\"}}, {\"deleted\": {\"name\": \"product image\", \"object\": \"\\u0418\\u0437\\u043e\\u0431\\u0440\\u0430\\u0436\\u0435\\u043d\\u0438\\u0435 \\u0434\\u043b\\u044f ThinkPad X1 Carbon\"}}]"}}, {"model": "admin.logentry", "pk": 30, "fields": {"action_time": "2024-05-21T11:09:34.124Z", "user": 1, "content_type": 7, "object_id": "1", "object_repr": "ThinkPad X1 Carbon", "action_flag": 2, "change_message": "[{\"changed\": {\"name\": \"product description\", \"object\": \"\\u041d\\u043e\\u0432\\u044b\\u0439 \\u0443\\u0440\\u043e\\u0432\\u0435\\u043d\\u044c \\u043f\\u0440\\u043e\\u0434\\u0443\\u043a\\u0442\\u0438\\u0432\\u043d\\u043e\\u0441\\u0442\\u0438\", \"fields\": [\"\\u0424\\u043e\\u0442\\u043e\"]}}, {\"changed\": {\"name\": \"product description\", \"object\": \"\\u0412\\u044b\\u0441\\u043e\\u043a\\u043e\\u0435 \\u043a\\u0430\\u0447\\u0435\\u0441\\u0442\\u0432\\u043e \\u0438\\u0437\\u043e\\u0431\\u0440\\u0430\\u0436\\u0435\\u043d\\u0438\\u044f \\u0438 \\u0437\\u0432\\u0443\\u043a\\u0430 \\u0434\\u043b\\u044f \\u044d\\u0444\\u0444\\u0435\\u043a\\u0442\\u0438\\u0432\\u043d\\u043e\\u0439 \\u0441\\u043e\\u0432\\u043c\\u0435\\u0441\\u0442\\u043d\\u043e\\u0439 \\u0440\\u0430\\u0431\\u043e\\u0442\\u044b\", \"fields\": [\"\\u0424\\u043e\\u0442\\u043e\"]}}]"}}, {"model": "admin.logentry", "pk": 31, "fields": {"action_time": "2024-05-21T11:11:26.375Z", "user": 1, "content_type": 7, "object_id": "1", "object_repr": "ThinkPad X1 Carbon", "action_flag": 2, "change_message": "[{\"changed\": {\"name\": \"product description\", \"object\": \"\\u041d\\u043e\\u0432\\u044b\\u0439 \\u0443\\u0440\\u043e\\u0432\\u0435\\u043d\\u044c \\u043f\\u0440\\u043e\\u0434\\u0443\\u043a\\u0442\\u0438\\u0432\\u043d\\u043e\\u0441\\u0442\\u0438\", \"fields\": [\"\\u0424\\u043e\\u0442\\u043e\"]}}, {\"changed\": {\"name\": \"product description\", \"object\": \"\\u0412\\u044b\\u0441\\u043e\\u043a\\u043e\\u0435 \\u043a\\u0430\\u0447\\u0435\\u0441\\u0442\\u0432\\u043e \\u0438\\u0437\\u043e\\u0431\\u0440\\u0430\\u0436\\u0435\\u043d\\u0438\\u044f \\u0438 \\u0437\\u0432\\u0443\\u043a\\u0430 \\u0434\\u043b\\u044f \\u044d\\u0444\\u0444\\u0435\\u043a\\u0442\\u0438\\u0432\\u043d\\u043e\\u0439 \\u0441\\u043e\\u0432\\u043c\\u0435\\u0441\\u0442\\u043d\\u043e\\u0439 \\u0440\\u0430\\u0431\\u043e\\u0442\\u044b\", \"fields\": [\"\\u0424\\u043e\\u0442\\u043e\"]}}, {\"added\": {\"name\": \"product image\", \"object\": \"\\u0418\\u0437\\u043e\\u0431\\u0440\\u0430\\u0436\\u0435\\u043d\\u0438\\u0435 \\u0434\\u043b\\u044f ThinkPad X1 Carbon\"}}, {\"added\": {\"name\": \"product image\", \"object\": \"\\u0418\\u0437\\u043e\\u0431\\u0440\\u0430\\u0436\\u0435\\u043d\\u0438\\u0435 \\u0434\\u043b\\u044f ThinkPad X1 Carbon\"}}, {\"added\": {\"name\": \"product image\", \"object\": \"\\u0418\\u0437\\u043e\\u0431\\u0440\\u0430\\u0436\\u0435\\u043d\\u0438\\u0435 \\u0434\\u043b\\u044f ThinkPad X1 Carbon\"}}]"}}, {"model": "admin.logentry", "pk": 32, "fields": {"action_time": "2024-05-21T13:01:33.883Z", "user": 1, "content_type": 7, "object_id": "1", "object_repr": "ThinkPad X1 Carbon", "action_flag": 2, "change_message": "[]"}}, {"model": "admin.logentry", "pk": 33, "fields": {"action_time": "2024-05-21T13:58:29.180Z", "user": 1, "content_type": 7, "object_id": "2", "object_repr": "123123", "action_flag": 1, "change_message": "[{\"added\": {}}]"}}, {"model": "admin.logentry", "pk": 34, "fields": {"action_time": "2024-05-21T13:58:45.316Z", "user": 1, "content_type": 7, "object_id": "3", "object_repr": "23123", "action_flag": 1, "change_message": "[{\"added\": {}}]"}}, {"model": "admin.logentry", "pk": 35, "fields": {"action_time": "2024-05-21T13:59:21.306Z", "user": 1, "content_type": 7, "object_id": "3", "object_repr": "23123", "action_flag": 2, "change_message": "[{\"added\": {\"name\": \"product image\", \"object\": \"\\u0418\\u0437\\u043e\\u0431\\u0440\\u0430\\u0436\\u0435\\u043d\\u0438\\u0435 \\u0434\\u043b\\u044f 23123\"}}]"}}, {"model": "admin.logentry", "pk": 36, "fields": {"action_time": "2024-05-21T13:59:32.009Z", "user": 1, "content_type": 7, "object_id": "2", "object_repr": "123123", "action_flag": 2, "change_message": "[{\"added\": {\"name\": \"product image\", \"object\": \"\\u0418\\u0437\\u043e\\u0431\\u0440\\u0430\\u0436\\u0435\\u043d\\u0438\\u0435 \\u0434\\u043b\\u044f 123123\"}}]"}}, {"model": "admin.logentry", "pk": 37, "fields": {"action_time": "2024-05-22T06:12:28.166Z", "user": 1, "content_type": 8, "object_id": "6", "object_repr": "╨У╨╡╨╣╨╝╨╡╤А╨░╨╝", "action_flag": 3, "change_message": ""}}, {"model": "admin.logentry", "pk": 38, "fields": {"action_time": "2024-05-22T06:12:28.171Z", "user": 1, "content_type": 8, "object_id": "5", "object_repr": "╨Ь╨╛╨╜╨╕╤В╨╛╤А╤Л", "action_flag": 3, "change_message": ""}}, {"model": "admin.logentry", "pk": 39, "fields": {"action_time": "2024-05-22T06:12:28.176Z", "user": 1, "content_type": 8, "object_id": "3", "object_repr": "╨б╤В╨░╨╜╤Ж╨╕╨╕", "action_flag": 3, "change_message": ""}}, {"model": "admin.logentry", "pk": 40, "fields": {"action_time": "2024-05-22T06:12:42.368Z", "user": 1, "content_type": 8, "object_id": "2", "object_repr": "╨Ф╨╡╤Б╨║╤В╨╛╨┐╤Л(╨Ъ╨╛╨╝╨┐╤М╤О╤В╨╡╤А╤Л)", "action_flag": 2, "change_message": "[{\"changed\": {\"fields\": [\"Name\"]}}]"}}, {"model": "admin.logentry", "pk": 41, "fields": {"action_time": "2024-05-22T06:12:56.615Z", "user": 1, "content_type": 8, "object_id": "2", "object_repr": "╨Ъ╨╛╨╝╨┐╤М╤О╤В╨╡╤А╤Л", "action_flag": 2, "change_message": "[{\"changed\": {\"fields\": [\"Name\"]}}]"}}, {"model": "admin.logentry", "pk": 42, "fields": {"action_time": "2024-05-23T09:53:50.580Z", "user": 1, "content_type": 8, "object_id": "7", "object_repr": "╨Р╨║╤Б╨╡╤Б╤Б╤Г╨░╤А╤Л", "action_flag": 3, "change_message": ""}}, {"model": "admin.logentry", "pk": 43, "fields": {"action_time": "2024-05-23T09:54:07.321Z", "user": 1, "content_type": 8, "object_id": "8", "object_repr": "╨Ь╨╛╨╜╨╛╨▒╨╗╨╛╨║╨╕", "action_flag": 1, "change_message": "[{\"added\": {}}]"}}, {"model": "admin.logentry", "pk": 44, "fields": {"action_time": "2024-05-23T09:54:22.054Z", "user": 1, "content_type": 8, "object_id": "9", "object_repr": "╨а╨░╨▒╨╛╤З╨╕╨╡ ╤Б╤В╨░╨╜╤Ж╨╕╨╕", "action_flag": 1, "change_message": "[{\"added\": {}}]"}}, {"model": "admin.logentry", "pk": 45, "fields": {"action_time": "2024-05-23T09:54:31.451Z", "user": 1, "content_type": 8, "object_id": "10", "object_repr": "╨Ш╨╜╤В╨╡╤А╨░╨║╤В╨╕╨▓╨╜╤Л╨╡ ╨┐╨░╨╜╨╡╨╗╨╕", "action_flag": 1, "change_message": "[{\"added\": {}}]"}}, {"model": "admin.logentry", "pk": 46, "fields": {"action_time": "2024-05-23T09:54:53.231Z", "user": 1, "content_type": 8, "object_id": "11", "object_repr": "╨б╨╕╤Б╤В╨╡╨╝╨╜╤Л╨╡ ╨▒╨╗╨╛╨║╨╕", "action_flag": 1, "change_message": "[{\"added\": {}}]"}}, {"model": "admin.logentry", "pk": 47, "fields": {"action_time": "2024-05-23T09:55:03.096Z", "user": 1, "content_type": 8, "object_id": "12", "object_repr": "╨б╨╡╤А╨▓╨╡╤А╨░", "action_flag": 1, "change_message": "[{\"added\": {}}]"}}, {"model": "admin.logentry", "pk": 48, "fields": {"action_time": "2024-05-23T09:55:28.576Z", "user": 1, "content_type": 8, "object_id": "4", "object_repr": "╨Я╨╗╨░╨╜╤И╨╡╤В╤Л", "action_flag": 3, "change_message": ""}}, {"model": "admin.logentry", "pk": 49, "fields": {"action_time": "2024-05-23T10:01:31.632Z", "user": 1, "content_type": 8, "object_id": "2", "object_repr": "╨Ъ╨╛╨╝╨┐╤М╤О╤В╨╡╤А╤Л", "action_flag": 2, "change_message": "[{\"changed\": {\"fields\": [\"\\u041e\\u043f\\u0438\\u0441\\u0430\\u043d\\u0438\\u0435(\\u043a\\u0440\\u0430\\u0442\\u043a\\u043e)\"]}}]"}}, {"model": "admin.logentry", "pk": 50, "fields": {"action_time": "2024-05-23T10:01:40.921Z", "user": 1, "content_type": 8, "object_id": "1", "object_repr": "╨Э╨╛╤Г╤В╨▒╤Г╨║╨╕", "action_flag": 2, "change_message": "[{\"changed\": {\"fields\": [\"\\u041e\\u043f\\u0438\\u0441\\u0430\\u043d\\u0438\\u0435(\\u043a\\u0440\\u0430\\u0442\\u043a\\u043e)\"]}}]"}}, {"model": "admin.logentry", "pk": 51, "fields": {"action_time": "2024-05-23T10:01:52.383Z", "user": 1, "content_type": 8, "object_id": "8", "object_repr": "╨Ь╨╛╨╜╨╛╨▒╨╗╨╛╨║╨╕", "action_flag": 2, "change_message": "[{\"changed\": {\"fields\": [\"\\u041e\\u043f\\u0438\\u0441\\u0430\\u043d\\u0438\\u0435(\\u043a\\u0440\\u0430\\u0442\\u043a\\u043e)\"]}}]"}}, {"model": "admin.logentry", "pk": 52, "fields": {"action_time": "2024-05-23T10:03:12.159Z", "user": 1, "content_type": 8, "object_id": "12", "object_repr": "╨б╨╡╤А╨▓╨╡╤А╨░", "action_flag": 2, "change_message": "[{\"changed\": {\"fields\": [\"\\u041e\\u043f\\u0438\\u0441\\u0430\\u043d\\u0438\\u0435(\\u043a\\u0440\\u0430\\u0442\\u043a\\u043e)\"]}}]"}}, {"model": "admin.logentry", "pk": 53, "fields": {"action_time": "2024-05-23T10:03:41.045Z", "user": 1, "content_type": 8, "object_id": "11", "object_repr": "╨б╨╕╤Б╤В╨╡╨╝╨╜╤Л╨╡ ╨▒╨╗╨╛╨║╨╕", "action_flag": 2, "change_message": "[{\"changed\": {\"fields\": [\"\\u041e\\u043f\\u0438\\u0441\\u0430\\u043d\\u0438\\u0435(\\u043a\\u0440\\u0430\\u0442\\u043a\\u043e)\"]}}]"}}, {"model": "admin.logentry", "pk": 54, "fields": {"action_time": "2024-05-23T10:03:57.000Z", "user": 1, "content_type": 8, "object_id": "10", "object_repr": "╨Ш╨╜╤В╨╡╤А╨░╨║╤В╨╕╨▓╨╜╤Л╨╡ ╨┐╨░╨╜╨╡╨╗╨╕", "action_flag": 2, "change_message": "[{\"changed\": {\"fields\": [\"\\u041e\\u043f\\u0438\\u0441\\u0430\\u043d\\u0438\\u0435(\\u043a\\u0440\\u0430\\u0442\\u043a\\u043e)\"]}}]"}}, {"model": "admin.logentry", "pk": 55, "fields": {"action_time": "2024-05-23T10:04:11.020Z", "user": 1, "content_type": 8, "object_id": "9", "object_repr": "╨а╨░╨▒╨╛╤З╨╕╨╡ ╤Б╤В╨░╨╜╤Ж╨╕╨╕", "action_flag": 2, "change_message": "[{\"changed\": {\"fields\": [\"\\u041e\\u043f\\u0438\\u0441\\u0430\\u043d\\u0438\\u0435(\\u043a\\u0440\\u0430\\u0442\\u043a\\u043e)\"]}}]"}}, {"model": "admin.logentry", "pk": 56, "fields": {"action_time": "2024-05-23T10:08:23.376Z", "user": 1, "content_type": 8, "object_id": "12", "object_repr": "╨б╨╡╤А╨▓╨╡╤А╨░", "action_flag": 2, "change_message": "[{\"changed\": {\"fields\": [\"\\u0424\\u043e\\u0442\\u043e\"]}}]"}}, {"model": "admin.logentry", "pk": 57, "fields": {"action_time": "2024-05-23T10:09:49.865Z", "user": 1, "content_type": 8, "object_id": "11", "object_repr": "╨б╨╕╤Б╤В╨╡╨╝╨╜╤Л╨╡ ╨▒╨╗╨╛╨║╨╕", "action_flag": 2, "change_message": "[{\"changed\": {\"fields\": [\"\\u0424\\u043e\\u0442\\u043e\"]}}]"}}, {"model": "admin.logentry", "pk": 58, "fields": {"action_time": "2024-05-23T10:10:18.039Z", "user": 1, "content_type": 8, "object_id": "10", "object_repr": "╨Ш╨╜╤В╨╡╤А╨░╨║╤В╨╕╨▓╨╜╤Л╨╡ ╨┐╨░╨╜╨╡╨╗╨╕", "action_flag": 2, "change_message": "[{\"changed\": {\"fields\": [\"\\u0424\\u043e\\u0442\\u043e\"]}}]"}}, {"model": "admin.logentry", "pk": 59, "fields": {"action_time": "2024-05-23T10:10:40.361Z", "user": 1, "content_type": 8, "object_id": "9", "object_repr": "╨а╨░╨▒╨╛╤З╨╕╨╡ ╤Б╤В╨░╨╜╤Ж╨╕╨╕", "action_flag": 2, "change_message": "[{\"changed\": {\"fields\": [\"\\u0424\\u043e\\u0442\\u043e\"]}}]"}}, {"model": "admin.logentry", "pk": 60, "fields": {"action_time": "2024-05-23T10:11:12.990Z", "user": 1, "content_type": 8, "object_id": "8", "object_repr": "╨Ь╨╛╨╜╨╛╨▒╨╗╨╛╨║╨╕", "action_flag": 2, "change_message": "[{\"changed\": {\"fields\": [\"\\u0424\\u043e\\u0442\\u043e\"]}}]"}}, {"model": "admin.logentry", "pk": 61, "fields": {"action_time": "2024-05-23T10:11:40.026Z", "user": 1, "content_type": 8, "object_id": "2", "object_repr": "╨Ъ╨╛╨╝╨┐╤М╤О╤В╨╡╤А╤Л", "action_flag": 2, "change_message": "[{\"changed\": {\"fields\": [\"\\u0424\\u043e\\u0442\\u043e\"]}}]"}}, {"model": "admin.logentry", "pk": 62, "fields": {"action_time": "2024-05-23T10:11:57.374Z", "user": 1, "content_type": 8, "object_id": "1", "object_repr": "╨Э╨╛╤Г╤В╨▒╤Г╨║╨╕", "action_flag": 2, "change_message": "[{\"changed\": {\"fields\": [\"\\u0424\\u043e\\u0442\\u043e\"]}}]"}}, {"model": "admin.logentry", "pk": 63, "fields": {"action_time": "2024-05-24T08:35:51.042Z", "user": 1, "content_type": 7, "object_id": "4", "object_repr": "123", "action_flag": 1, "change_message": "[{\"added\": {}}]"}}, {"model": "admin.logentry", "pk": 64, "fields": {"action_time": "2024-05-24T09:27:41.419Z", "user": 1, "content_type": 12, "object_id": "3", "object_repr": "AMD Ryzen 7 5800X3D", "action_flag": 3, "change_message": ""}}, {"model": "admin.logentry", "pk": 65, "fields": {"action_time": "2024-05-24T09:27:41.425Z", "user": 1, "content_type": 12, "object_id": "2", "object_repr": "AMD Ryzen 9 7950X3D", "action_flag": 3, "change_message": ""}}, {"model": "admin.logentry", "pk": 66, "fields": {"action_time": "2024-05-24T09:27:41.433Z", "user": 1, "content_type": 12, "object_id": "1", "object_repr": "Intel Core i9тИТ14900K", "action_flag": 3, "change_message": ""}}, {"model": "admin.logentry", "pk": 67, "fields": {"action_time": "2024-05-24T09:36:07.898Z", "user": 1, "content_type": 7, "object_id": "4", "object_repr": "123", "action_flag": 3, "change_message": ""}}, {"model": "admin.logentry", "pk": 68, "fields": {"action_time": "2024-05-24T09:36:07.898Z", "user": 1, "content_type": 7, "object_id": "3", "object_repr": "23123", "action_flag": 3, "change_message": ""}}, {"model": "admin.logentry", "pk": 69, "fields": {"action_time": "2024-05-24T09:36:07.916Z", "user": 1, "content_type": 7, "object_id": "2", "object_repr": "123123", "action_flag": 3, "change_message": ""}}, {"model": "admin.logentry", "pk": 70, "fields": {"action_time": "2024-05-24T09:36:07.924Z", "user": 1, "content_type": 7, "object_id": "1", "object_repr": "ThinkPad X1 Carbon", "action_flag": 3, "change_message": ""}}, {"model": "admin.logentry", "pk": 71, "fields": {"action_time": "2024-05-24T09:42:59.977Z", "user": 1, "content_type": 18, "object_id": "1", "object_repr": "Intel", "action_flag": 1, "change_message": "[{\"added\": {}}]"}}, {"model": "admin.logentry", "pk": 72, "fields": {"action_time": "2024-05-24T09:43:22.764Z", "user": 1, "content_type": 17, "object_id": "1", "object_repr": "Celeron", "action_flag": 1, "change_message": "[{\"added\": {}}]"}}, {"model": "admin.logentry", "pk": 73, "fields": {"action_time": "2024-05-24T09:44:19.350Z", "user": 1, "content_type": 12, "object_id": "1", "object_repr": "Intel Celeron None", "action_flag": 1, "change_message": "[{\"added\": {}}]"}}, {"model": "admin.logentry", "pk": 74, "fields": {"action_time": "2024-05-24T09:45:27.676Z", "user": 1, "content_type": 12, "object_id": "1", "object_repr": "Intel Celeron None", "action_flag": 2, "change_message": "[]"}}, {"model": "admin.logentry", "pk": 75, "fields": {"action_time": "2024-05-24T09:45:31.426Z", "user": 1, "content_type": 12, "object_id": "1", "object_repr": "Intel Celeron None", "action_flag": 2, "change_message": "[]"}}, {"model": "admin.logentry", "pk": 76, "fields": {"action_time": "2024-05-24T09:45:36.714Z", "user": 1, "content_type": 12, "object_id": "2", "object_repr": "Intel Celeron None", "action_flag": 1, "change_message": "[{\"added\": {}}]"}}, {"model": "admin.logentry", "pk": 77, "fields": {"action_time": "2024-05-24T09:45:54.503Z", "user": 1, "content_type": 12, "object_id": "2", "object_repr": "Intel Celeron None", "action_flag": 3, "change_message": ""}}, {"model": "admin.logentry", "pk": 78, "fields": {"action_time": "2024-05-24T09:45:56.036Z", "user": 1, "content_type": 12, "object_id": "1", "object_repr": "Intel Celeron None", "action_flag": 2, "change_message": "[]"}}, {"model": "admin.logentry", "pk": 79, "fields": {"action_time": "2024-05-24T09:45:58.321Z", "user": 1, "content_type": 12, "object_id": "1", "object_repr": "Intel Celeron None", "action_flag": 2, "change_message": "[]"}}, {"model": "admin.logentry", "pk": 80, "fields": {"action_time": "2024-05-24T09:46:02.474Z", "user": 1, "content_type": 12, "object_id": "3", "object_repr": "Intel Celeron None", "action_flag": 1, "change_message": "[{\"added\": {}}]"}}, {"model": "admin.logentry", "pk": 81, "fields": {"action_time": "2024-05-24T09:47:22.123Z", "user": 1, "content_type": 12, "object_id": "4", "object_repr": "Intel Celeron None", "action_flag": 1, "change_message": "[{\"added\": {}}]"}}, {"model": "admin.logentry", "pk": 82, "fields": {"action_time": "2024-05-24T09:47:28.725Z", "user": 1, "content_type": 12, "object_id": "4", "object_repr": "Intel Celeron None", "action_flag": 3, "change_message": ""}}, {"model": "admin.logentry", "pk": 83, "fields": {"action_time": "2024-05-24T09:47:34.568Z", "user": 1, "content_type": 12, "object_id": "3", "object_repr": "Intel Celeron None", "action_flag": 3, "change_message": ""}}, {"model": "admin.logentry", "pk": 84, "fields": {"action_time": "2024-05-24T09:47:34.568Z", "user": 1, "content_type": 12, "object_id": "1", "object_repr": "Intel Celeron None", "action_flag": 3, "change_message": ""}}, {"model": "admin.logentry", "pk": 85, "fields": {"action_time": "2024-05-24T09:48:09.320Z", "user": 1, "content_type": 12, "object_id": "5", "object_repr": "Intel Celeron", "action_flag": 1, "change_message": "[{\"added\": {}}]"}}, {"model": "admin.logentry", "pk": 86, "fields": {"action_time": "2024-05-24T09:48:27.447Z", "user": 1, "content_type": 17, "object_id": "2", "object_repr": "Pentium", "action_flag": 1, "change_message": "[{\"added\": {}}]"}}, {"model": "admin.logentry", "pk": 87, "fields": {"action_time": "2024-05-24T09:48:29.310Z", "user": 1, "content_type": 12, "object_id": "6", "object_repr": "Intel Pentium", "action_flag": 1, "change_message": "[{\"added\": {}}]"}}, {"model": "admin.logentry", "pk": 88, "fields": {"action_time": "2024-05-24T09:48:40.817Z", "user": 1, "content_type": 17, "object_id": "3", "object_repr": "core", "action_flag": 1, "change_message": "[{\"added\": {}}]"}}, {"model": "admin.logentry", "pk": 89, "fields": {"action_time": "2024-05-24T09:48:49.198Z", "user": 1, "content_type": 17, "object_id": "3", "object_repr": "Core", "action_flag": 2, "change_message": "[{\"changed\": {\"fields\": [\"\\u041b\\u0438\\u043d\\u0435\\u0439\\u043a\\u0430\"]}}]"}}, {"model": "admin.logentry", "pk": 90, "fields": {"action_time": "2024-05-24T09:49:01.943Z", "user": 1, "content_type": 12, "object_id": "7", "object_repr": "Intel Core i3", "action_flag": 1, "change_message": "[{\"added\": {}}]"}}, {"model": "admin.logentry", "pk": 91, "fields": {"action_time": "2024-05-24T09:49:08.845Z", "user": 1, "content_type": 12, "object_id": "8", "object_repr": "Intel Core i5", "action_flag": 1, "change_message": "[{\"added\": {}}]"}}, {"model": "admin.logentry", "pk": 92, "fields": {"action_time": "2024-05-24T09:49:15.148Z", "user": 1, "content_type": 12, "object_id": "9", "object_repr": "Intel Core i7", "action_flag": 1, "change_message": "[{\"added\": {}}]"}}, {"model": "admin.logentry", "pk": 93, "fields": {"action_time": "2024-05-24T09:49:31.673Z", "user": 1, "content_type": 18, "object_id": "2", "object_repr": "AMD", "action_flag": 1, "change_message": "[{\"added\": {}}]"}}, {"model": "admin.logentry", "pk": 94, "fields": {"action_time": "2024-05-24T09:55:45.353Z", "user": 1, "content_type": 17, "object_id": "4", "object_repr": "Athlon", "action_flag": 1, "change_message": "[{\"added\": {}}]"}}, {"model": "admin.logentry", "pk": 95, "fields": {"action_time": "2024-05-24T09:55:52.483Z", "user": 1, "content_type": 12, "object_id": "10", "object_repr": "AMD Athlon", "action_flag": 1, "change_message": "[{\"added\": {}}]"}}, {"model": "admin.logentry", "pk": 96, "fields": {"action_time": "2024-05-24T09:56:06.573Z", "user": 1, "content_type": 17, "object_id": "5", "object_repr": "Ryzen", "action_flag": 1, "change_message": "[{\"added\": {}}]"}}, {"model": "admin.logentry", "pk": 97, "fields": {"action_time": "2024-05-24T09:56:16.740Z", "user": 1, "content_type": 12, "object_id": "11", "object_repr": "AMD Ryzen 3", "action_flag": 1, "change_message": "[{\"added\": {}}]"}}, {"model": "admin.logentry", "pk": 98, "fields": {"action_time": "2024-05-24T09:56:21.917Z", "user": 1, "content_type": 12, "object_id": "12", "object_repr": "AMD Ryzen 5", "action_flag": 1, "change_message": "[{\"added\": {}}]"}}, {"model": "admin.logentry", "pk": 99, "fields": {"action_time": "2024-05-24T09:56:26.961Z", "user": 1, "content_type": 12, "object_id": "13", "object_repr": "AMD Ryzen 7", "action_flag": 1, "change_message": "[{\"added\": {}}]"}}, {"model": "admin.logentry", "pk": 100, "fields": {"action_time": "2024-05-24T09:56:31.718Z", "user": 1, "content_type": 12, "object_id": "14", "object_repr": "AMD Ryzen 9", "action_flag": 1, "change_message": "[{\"added\": {}}]"}}, {"model": "admin.logentry", "pk": 101, "fields": {"action_time": "2024-05-24T09:58:20.396Z", "user": 1, "content_type": 13, "object_id": "3", "object_repr": "4 (ddr3)", "action_flag": 3, "change_message": ""}}, {"model": "admin.logentry", "pk": 102, "fields": {"action_time": "2024-05-24T09:58:20.405Z", "user": 1, "content_type": 13, "object_id": "2", "object_repr": "16 (ddr3)", "action_flag": 3, "change_message": ""}}, {"model": "admin.logentry", "pk": 103, "fields": {"action_time": "2024-05-24T09:58:20.411Z", "user": 1, "content_type": 13, "object_id": "1", "object_repr": "8 (ddr3)", "action_flag": 3, "change_message": ""}}, {"model": "admin.logentry", "pk": 104, "fields": {"action_time": "2024-05-24T10:06:18.115Z", "user": 1, "content_type": 19, "object_id": "1", "object_repr": "DDR3", "action_flag": 1, "change_message": "[{\"added\": {}}]"}}, {"model": "admin.logentry", "pk": 105, "fields": {"action_time": "2024-05-24T10:06:27.170Z", "user": 1, "content_type": 19, "object_id": "2", "object_repr": "DDR4", "action_flag": 1, "change_message": "[{\"added\": {}}]"}}, {"model": "admin.logentry", "pk": 106, "fields": {"action_time": "2024-05-24T10:06:33.858Z", "user": 1, "content_type": 19, "object_id": "3", "object_repr": "DDR5", "action_flag": 1, "change_message": "[{\"added\": {}}]"}}, {"model": "admin.logentry", "pk": 107, "fields": {"action_time": "2024-05-24T10:07:23.503Z", "user": 1, "content_type": 13, "object_id": "4", "object_repr": "4 (DDR5)", "action_flag": 1, "change_message": "[{\"added\": {}}]"}}, {"model": "admin.logentry", "pk": 108, "fields": {"action_time": "2024-05-24T10:07:33.636Z", "user": 1, "content_type": 13, "object_id": "5", "object_repr": "8 (DDR5)", "action_flag": 1, "change_message": "[{\"added\": {}}]"}}, {"model": "admin.logentry", "pk": 109, "fields": {"action_time": "2024-05-24T10:07:38.601Z", "user": 1, "content_type": 13, "object_id": "6", "object_repr": "16 (DDR5)", "action_flag": 1, "change_message": "[{\"added\": {}}]"}}, {"model": "admin.logentry", "pk": 110, "fields": {"action_time": "2024-05-24T10:07:41.358Z", "user": 1, "content_type": 13, "object_id": "7", "object_repr": "32 (DDR5)", "action_flag": 1, "change_message": "[{\"added\": {}}]"}}, {"model": "admin.logentry", "pk": 111, "fields": {"action_time": "2024-05-24T10:07:48.394Z", "user": 1, "content_type": 13, "object_id": "8", "object_repr": "128 (DDR5)", "action_flag": 1, "change_message": "[{\"added\": {}}]"}}, {"model": "admin.logentry", "pk": 112, "fields": {"action_time": "2024-05-24T10:08:08.296Z", "user": 1, "content_type": 13, "object_id": "8", "object_repr": "128 (DDR5)", "action_flag": 3, "change_message": ""}}, {"model": "admin.logentry", "pk": 113, "fields": {"action_time": "2024-05-24T10:08:08.303Z", "user": 1, "content_type": 13, "object_id": "7", "object_repr": "32 (DDR5)", "action_flag": 3, "change_message": ""}}, {"model": "admin.logentry", "pk": 114, "fields": {"action_time": "2024-05-24T10:08:08.304Z", "user": 1, "content_type": 13, "object_id": "6", "object_repr": "16 (DDR5)", "action_flag": 3, "change_message": ""}}, {"model": "admin.logentry", "pk": 115, "fields": {"action_time": "2024-05-24T10:08:08.304Z", "user": 1, "content_type": 13, "object_id": "5", "object_repr": "8 (DDR5)", "action_flag": 3, "change_message": ""}}, {"model": "admin.logentry", "pk": 116, "fields": {"action_time": "2024-05-24T10:08:08.320Z", "user": 1, "content_type": 13, "object_id": "4", "object_repr": "4 (DDR5)", "action_flag": 3, "change_message": ""}}, {"model": "admin.logentry", "pk": 117, "fields": {"action_time": "2024-05-24T10:18:53.684Z", "user": 1, "content_type": 13, "object_id": "1", "object_repr": "4GB (DDR3)", "action_flag": 1, "change_message": "[{\"added\": {}}]"}}, {"model": "admin.logentry", "pk": 118, "fields": {"action_time": "2024-05-24T10:18:57.658Z", "user": 1, "content_type": 13, "object_id": "2", "object_repr": "4GB (DDR4)", "action_flag": 1, "change_message": "[{\"added\": {}}]"}}, {"model": "admin.logentry", "pk": 119, "fields": {"action_time": "2024-05-24T10:19:00.821Z", "user": 1, "content_type": 13, "object_id": "3", "object_repr": "4GB (DDR5)", "action_flag": 1, "change_message": "[{\"added\": {}}]"}}, {"model": "admin.logentry", "pk": 120, "fields": {"action_time": "2024-05-24T10:19:06.911Z", "user": 1, "content_type": 13, "object_id": "4", "object_repr": "8GB (DDR3)", "action_flag": 1, "change_message": "[{\"added\": {}}]"}}, {"model": "admin.logentry", "pk": 121, "fields": {"action_time": "2024-05-24T10:19:10.705Z", "user": 1, "content_type": 13, "object_id": "5", "object_repr": "8GB (DDR4)", "action_flag": 1, "change_message": "[{\"added\": {}}]"}}, {"model": "admin.logentry", "pk": 122, "fields": {"action_time": "2024-05-24T10:19:13.418Z", "user": 1, "content_type": 13, "object_id": "6", "object_repr": "8GB (DDR5)", "action_flag": 1, "change_message": "[{\"added\": {}}]"}}, {"model": "admin.logentry", "pk": 123, "fields": {"action_time": "2024-05-24T10:19:15.961Z", "user": 1, "content_type": 13, "object_id": "7", "object_repr": "16GB (DDR3)", "action_flag": 1, "change_message": "[{\"added\": {}}]"}}, {"model": "admin.logentry", "pk": 124, "fields": {"action_time": "2024-05-24T10:19:19.640Z", "user": 1, "content_type": 13, "object_id": "8", "object_repr": "16GB (DDR4)", "action_flag": 1, "change_message": "[{\"added\": {}}]"}}, {"model": "admin.logentry", "pk": 125, "fields": {"action_time": "2024-05-24T10:21:22.464Z", "user": 1, "content_type": 13, "object_id": "8", "object_repr": "16GB (DDR4)", "action_flag": 3, "change_message": ""}}, {"model": "admin.logentry", "pk": 126, "fields": {"action_time": "2024-05-24T10:21:22.473Z", "user": 1, "content_type": 13, "object_id": "7", "object_repr": "16GB (DDR3)", "action_flag": 3, "change_message": ""}}, {"model": "admin.logentry", "pk": 127, "fields": {"action_time": "2024-05-24T10:21:22.473Z", "user": 1, "content_type": 13, "object_id": "6", "object_repr": "8GB (DDR5)", "action_flag": 3, "change_message": ""}}, {"model": "admin.logentry", "pk": 128, "fields": {"action_time": "2024-05-24T10:21:22.473Z", "user": 1, "content_type": 13, "object_id": "5", "object_repr": "8GB (DDR4)", "action_flag": 3, "change_message": ""}}, {"model": "admin.logentry", "pk": 129, "fields": {"action_time": "2024-05-24T10:21:22.493Z", "user": 1, "content_type": 13, "object_id": "4", "object_repr": "8GB (DDR3)", "action_flag": 3, "change_message": ""}}, {"model": "admin.logentry", "pk": 130, "fields": {"action_time": "2024-05-24T10:21:22.499Z", "user": 1, "content_type": 13, "object_id": "3", "object_repr": "4GB (DDR5)", "action_flag": 3, "change_message": ""}}, {"model": "admin.logentry", "pk": 131, "fields": {"action_time": "2024-05-24T10:21:22.505Z", "user": 1, "content_type": 13, "object_id": "2", "object_repr": "4GB (DDR4)", "action_flag": 3, "change_message": ""}}, {"model": "admin.logentry", "pk": 132, "fields": {"action_time": "2024-05-24T10:21:22.510Z", "user": 1, "content_type": 13, "object_id": "1", "object_repr": "4GB (DDR3)", "action_flag": 3, "change_message": ""}}, {"model": "admin.logentry", "pk": 133, "fields": {"action_time": "2024-05-24T10:25:31.845Z", "user": 1, "content_type": 13, "object_id": "9", "object_repr": "4GB (DDR3)", "action_flag": 1, "change_message": "[{\"added\": {}}]"}}, {"model": "admin.logentry", "pk": 134, "fields": {"action_time": "2024-05-24T10:25:35.735Z", "user": 1, "content_type": 13, "object_id": "10", "object_repr": "4GB (DDR4)", "action_flag": 1, "change_message": "[{\"added\": {}}]"}}, {"model": "admin.logentry", "pk": 135, "fields": {"action_time": "2024-05-24T10:25:38.321Z", "user": 1, "content_type": 13, "object_id": "11", "object_repr": "4GB (DDR5)", "action_flag": 1, "change_message": "[{\"added\": {}}]"}}, {"model": "admin.logentry", "pk": 136, "fields": {"action_time": "2024-05-24T10:25:41.249Z", "user": 1, "content_type": 13, "object_id": "12", "object_repr": "8GB (DDR3)", "action_flag": 1, "change_message": "[{\"added\": {}}]"}}, {"model": "admin.logentry", "pk": 137, "fields": {"action_time": "2024-05-24T10:25:43.659Z", "user": 1, "content_type": 13, "object_id": "13", "object_repr": "8GB (DDR4)", "action_flag": 1, "change_message": "[{\"added\": {}}]"}}, {"model": "admin.logentry", "pk": 138, "fields": {"action_time": "2024-05-24T10:25:45.966Z", "user": 1, "content_type": 13, "object_id": "14", "object_repr": "8GB (DDR5)", "action_flag": 1, "change_message": "[{\"added\": {}}]"}}, {"model": "admin.logentry", "pk": 139, "fields": {"action_time": "2024-05-24T10:25:48.529Z", "user": 1, "content_type": 13, "object_id": "15", "object_repr": "16GB (DDR3)", "action_flag": 1, "change_message": "[{\"added\": {}}]"}}, {"model": "admin.logentry", "pk": 140, "fields": {"action_time": "2024-05-24T10:25:52.149Z", "user": 1, "content_type": 13, "object_id": "16", "object_repr": "16GB (DDR4)", "action_flag": 1, "change_message": "[{\"added\": {}}]"}}, {"model": "admin.logentry", "pk": 141, "fields": {"action_time": "2024-05-24T10:25:54.768Z", "user": 1, "content_type": 13, "object_id": "17", "object_repr": "16GB (DDR5)", "action_flag": 1, "change_message": "[{\"added\": {}}]"}}, {"model": "admin.logentry", "pk": 142, "fields": {"action_time": "2024-05-24T10:25:58.042Z", "user": 1, "content_type": 13, "object_id": "18", "object_repr": "32GB (DDR3)", "action_flag": 1, "change_message": "[{\"added\": {}}]"}}, {"model": "admin.logentry", "pk": 143, "fields": {"action_time": "2024-05-24T10:26:00.523Z", "user": 1, "content_type": 13, "object_id": "19", "object_repr": "32GB (DDR4)", "action_flag": 1, "change_message": "[{\"added\": {}}]"}}, {"model": "admin.logentry", "pk": 144, "fields": {"action_time": "2024-05-24T10:26:05.482Z", "user": 1, "content_type": 13, "object_id": "20", "object_repr": "32GB (DDR4)", "action_flag": 1, "change_message": "[{\"added\": {}}]"}}, {"model": "admin.logentry", "pk": 145, "fields": {"action_time": "2024-05-24T10:26:08.106Z", "user": 1, "content_type": 13, "object_id": "21", "object_repr": "32GB (DDR5)", "action_flag": 1, "change_message": "[{\"added\": {}}]"}}, {"model": "admin.logentry", "pk": 146, "fields": {"action_time": "2024-05-24T10:26:10.471Z", "user": 1, "content_type": 13, "object_id": "22", "object_repr": "64GB (DDR3)", "action_flag": 1, "change_message": "[{\"added\": {}}]"}}, {"model": "admin.logentry", "pk": 147, "fields": {"action_time": "2024-05-24T10:26:15.239Z", "user": 1, "content_type": 13, "object_id": "23", "object_repr": "64GB (DDR4)", "action_flag": 1, "change_message": "[{\"added\": {}}]"}}, {"model": "admin.logentry", "pk": 148, "fields": {"action_time": "2024-05-24T10:26:17.469Z", "user": 1, "content_type": 13, "object_id": "24", "object_repr": "64GB (DDR5)", "action_flag": 1, "change_message": "[{\"added\": {}}]"}}, {"model": "admin.logentry", "pk": 149, "fields": {"action_time": "2024-05-24T10:26:19.769Z", "user": 1, "content_type": 13, "object_id": "25", "object_repr": "128GB (DDR3)", "action_flag": 1, "change_message": "[{\"added\": {}}]"}}, {"model": "admin.logentry", "pk": 150, "fields": {"action_time": "2024-05-24T10:26:22.257Z", "user": 1, "content_type": 13, "object_id": "26", "object_repr": "128GB (DDR4)", "action_flag": 1, "change_message": "[{\"added\": {}}]"}}, {"model": "admin.logentry", "pk": 151, "fields": {"action_time": "2024-05-24T10:26:24.614Z", "user": 1, "content_type": 13, "object_id": "27", "object_repr": "128GB (DDR5)", "action_flag": 1, "change_message": "[{\"added\": {}}]"}}, {"model": "admin.logentry", "pk": 152, "fields": {"action_time": "2024-05-24T10:28:02.763Z", "user": 1, "content_type": 14, "object_id": "3", "object_repr": "128 (Non-Volatile Memory Express (NVMe))", "action_flag": 3, "change_message": ""}}, {"model": "admin.logentry", "pk": 153, "fields": {"action_time": "2024-05-24T10:28:02.769Z", "user": 1, "content_type": 14, "object_id": "2", "object_repr": "128 (Hard Disk Drive (HDD))", "action_flag": 3, "change_message": ""}}, {"model": "admin.logentry", "pk": 154, "fields": {"action_time": "2024-05-24T10:28:02.776Z", "user": 1, "content_type": 14, "object_id": "1", "object_repr": "128 (Solid-State Drive (SSD))", "action_flag": 3, "change_message": ""}}, {"model": "admin.logentry", "pk": 155, "fields": {"action_time": "2024-05-24T10:41:24.216Z", "user": 1, "content_type": 14, "object_id": "1", "object_repr": "120GB (Solid-State Drive (SSD))", "action_flag": 1, "change_message": "[{\"added\": {}}]"}}, {"model": "admin.logentry", "pk": 156, "fields": {"action_time": "2024-05-24T10:41:43.275Z", "user": 1, "content_type": 14, "object_id": "2", "object_repr": "240GB (Solid-State Drive (SSD))", "action_flag": 1, "change_message": "[{\"added\": {}}]"}}, {"model": "admin.logentry", "pk": 157, "fields": {"action_time": "2024-05-24T10:41:45.261Z", "user": 1, "content_type": 14, "object_id": "3", "object_repr": "480GB (Solid-State Drive (SSD))", "action_flag": 1, "change_message": "[{\"added\": {}}]"}}, {"model": "admin.logentry", "pk": 158, "fields": {"action_time": "2024-05-24T10:41:59.115Z", "user": 1, "content_type": 14, "object_id": "4", "object_repr": "1TB (Solid-State Drive (SSD))", "action_flag": 1, "change_message": "[{\"added\": {}}]"}}, {"model": "admin.logentry", "pk": 159, "fields": {"action_time": "2024-05-24T10:42:00.839Z", "user": 1, "content_type": 14, "object_id": "5", "object_repr": "2TB (Solid-State Drive (SSD))", "action_flag": 1, "change_message": "[{\"added\": {}}]"}}, {"model": "admin.logentry", "pk": 160, "fields": {"action_time": "2024-05-24T10:42:05.907Z", "user": 1, "content_type": 14, "object_id": "6", "object_repr": "4TB (Solid-State Drive (SSD))", "action_flag": 1, "change_message": "[{\"added\": {}}]"}}, {"model": "admin.logentry", "pk": 161, "fields": {"action_time": "2024-05-24T10:42:17.114Z", "user": 1, "content_type": 14, "object_id": "7", "object_repr": "500GB (Hard Disk Drive (HDD))", "action_flag": 1, "change_message": "[{\"added\": {}}]"}}, {"model": "admin.logentry", "pk": 162, "fields": {"action_time": "2024-05-24T10:42:21.477Z", "user": 1, "content_type": 14, "object_id": "8", "object_repr": "1TB (Hard Disk Drive (HDD))", "action_flag": 1, "change_message": "[{\"added\": {}}]"}}, {"model": "admin.logentry", "pk": 163, "fields": {"action_time": "2024-05-24T10:42:25.207Z", "user": 1, "content_type": 14, "object_id": "9", "object_repr": "2TB (Hard Disk Drive (HDD))", "action_flag": 1, "change_message": "[{\"added\": {}}]"}}, {"model": "admin.logentry", "pk": 164, "fields": {"action_time": "2024-05-24T10:42:28.687Z", "user": 1, "content_type": 14, "object_id": "10", "object_repr": "4TB (Hard Disk Drive (HDD))", "action_flag": 1, "change_message": "[{\"added\": {}}]"}}, {"model": "admin.logentry", "pk": 165, "fields": {"action_time": "2024-05-24T10:42:32.353Z", "user": 1, "content_type": 14, "object_id": "11", "object_repr": "8TB (Hard Disk Drive (HDD))", "action_flag": 1, "change_message": "[{\"added\": {}}]"}}, {"model": "admin.logentry", "pk": 166, "fields": {"action_time": "2024-05-24T10:42:35.372Z", "user": 1, "content_type": 14, "object_id": "12", "object_repr": "16TB (Hard Disk Drive (HDD))", "action_flag": 1, "change_message": "[{\"added\": {}}]"}}, {"model": "admin.logentry", "pk": 167, "fields": {"action_time": "2024-05-24T10:42:38.623Z", "user": 1, "content_type": 14, "object_id": "13", "object_repr": "32TB (Hard Disk Drive (HDD))", "action_flag": 1, "change_message": "[{\"added\": {}}]"}}, {"model": "admin.logentry", "pk": 168, "fields": {"action_time": "2024-05-24T10:42:42.879Z", "user": 1, "content_type": 14, "object_id": "14", "object_repr": "64TB (Hard Disk Drive (HDD))", "action_flag": 1, "change_message": "[{\"added\": {}}]"}}, {"model": "admin.logentry", "pk": 169, "fields": {"action_time": "2024-05-24T10:43:31.365Z", "user": 1, "content_type": 9, "object_id": "3", "object_repr": "RTX4090D", "action_flag": 3, "change_message": ""}}, {"model": "admin.logentry", "pk": 170, "fields": {"action_time": "2024-05-24T10:43:31.372Z", "user": 1, "content_type": 9, "object_id": "2", "object_repr": "RTX4090", "action_flag": 3, "change_message": ""}}, {"model": "admin.logentry", "pk": 171, "fields": {"action_time": "2024-05-24T10:43:31.377Z", "user": 1, "content_type": 9, "object_id": "1", "object_repr": "RTX4090Ti", "action_flag": 3, "change_message": ""}}, {"model": "admin.logentry", "pk": 172, "fields": {"action_time": "2024-05-24T10:43:45.815Z", "user": 1, "content_type": 10, "object_id": "3", "object_repr": "Red Hat Enterprise Linux Server  ╨Ч╨Р╨Ъ╨Р╨Ч ╨а╨Х╨и╨Х╨Э╨Ш╨Щ ╨Ю╤В╨┤╨╡╨╗ ╨┐╤А╨╛╨┤╨░╨╢ ╨Ю╤В╨┤╨╡╨╗ ╨┐╤А╨╛╨┤╨░╨╢ ╨Ъ╨╛╨╛╤А╨┤╨╕╨╜╨░╤В╨╛╤А ╨╛╤В╨┤╨╡╨╗╨░ ╨┐╤А╨╛╨┤╨░╨╢ +7(727) 330-98-88 kazakhstan@noventiq.com ╨б╨Т╨п╨Ц╨Ш╨в╨Х╨б╨м ╨б╨Х╨Щ╨з╨Р╨б! ╨а╨Х╨и╨Х╨Э╨Ш╨п Noventiq Go Remote VMware VCPP: ╨┐", "action_flag": 3, "change_message": ""}}, {"model": "admin.logentry", "pk": 173, "fields": {"action_time": "2024-05-24T10:43:45.821Z", "user": 1, "content_type": 10, "object_id": "2", "object_repr": "Linux Fedora", "action_flag": 3, "change_message": ""}}, {"model": "admin.logentry", "pk": 174, "fields": {"action_time": "2024-05-24T10:43:45.826Z", "user": 1, "content_type": 10, "object_id": "1", "object_repr": "Microsoft Windows 10", "action_flag": 3, "change_message": ""}}, {"model": "admin.logentry", "pk": 175, "fields": {"action_time": "2024-05-24T10:54:55.991Z", "user": 1, "content_type": 20, "object_id": "1", "object_repr": "Socket 1155", "action_flag": 1, "change_message": "[{\"added\": {}}]"}}, {"model": "admin.logentry", "pk": 176, "fields": {"action_time": "2024-05-24T10:54:59.410Z", "user": 1, "content_type": 20, "object_id": "2", "object_repr": "Socket 1150", "action_flag": 1, "change_message": "[{\"added\": {}}]"}}, {"model": "admin.logentry", "pk": 177, "fields": {"action_time": "2024-05-24T10:55:02.619Z", "user": 1, "content_type": 20, "object_id": "3", "object_repr": "Socket 1151", "action_flag": 1, "change_message": "[{\"added\": {}}]"}}, {"model": "admin.logentry", "pk": 178, "fields": {"action_time": "2024-05-24T10:55:06.039Z", "user": 1, "content_type": 20, "object_id": "4", "object_repr": "Socket 1200", "action_flag": 1, "change_message": "[{\"added\": {}}]"}}, {"model": "admin.logentry", "pk": 179, "fields": {"action_time": "2024-05-24T10:55:09.704Z", "user": 1, "content_type": 20, "object_id": "5", "object_repr": "Socket 1700", "action_flag": 1, "change_message": "[{\"added\": {}}]"}}, {"model": "admin.logentry", "pk": 180, "fields": {"action_time": "2024-05-24T10:55:16.911Z", "user": 1, "content_type": 20, "object_id": "6", "object_repr": "Socket FM2", "action_flag": 1, "change_message": "[{\"added\": {}}]"}}, {"model": "admin.logentry", "pk": 181, "fields": {"action_time": "2024-05-24T10:55:20.139Z", "user": 1, "content_type": 20, "object_id": "7", "object_repr": "Socket AM3", "action_flag": 1, "change_message": "[{\"added\": {}}]"}}, {"model": "admin.logentry", "pk": 182, "fields": {"action_time": "2024-05-24T10:55:23.506Z", "user": 1, "content_type": 20, "object_id": "8", "object_repr": "Socket AM4", "action_flag": 1, "change_message": "[{\"added\": {}}]"}}, {"model": "admin.logentry", "pk": 183, "fields": {"action_time": "2024-05-24T10:55:26.605Z", "user": 1, "content_type": 20, "object_id": "9", "object_repr": "Socket AM5", "action_flag": 1, "change_message": "[{\"added\": {}}]"}}, {"model": "admin.logentry", "pk": 184, "fields": {"action_time": "2024-05-24T11:16:41.495Z", "user": 1, "content_type": 18, "object_id": "3", "object_repr": "ARM", "action_flag": 1, "change_message": "[{\"added\": {}}]"}}, {"model": "admin.logentry", "pk": 185, "fields": {"action_time": "2024-05-24T11:16:58.661Z", "user": 1, "content_type": 17, "object_id": "6", "object_repr": "Quad-core Cortex", "action_flag": 1, "change_message": "[{\"added\": {}}]"}}, {"model": "admin.logentry", "pk": 186, "fields": {"action_time": "2024-05-24T11:17:59.089Z", "user": 1, "content_type": 12, "object_id": "15", "object_repr": "ARM Quad-core Cortex A53", "action_flag": 1, "change_message": "[{\"added\": {}}]"}}, {"model": "admin.logentry", "pk": 187, "fields": {"action_time": "2024-05-24T11:18:10.445Z", "user": 1, "content_type": 12, "object_id": "16", "object_repr": "ARM Quad-core Cortex A55", "action_flag": 1, "change_message": "[{\"added\": {}}]"}}, {"model": "admin.logentry", "pk": 188, "fields": {"action_time": "2024-05-24T11:18:26.507Z", "user": 1, "content_type": 12, "object_id": "17", "object_repr": "ARM Quad-core Cortex A72-A77", "action_flag": 1, "change_message": "[{\"added\": {}}]"}}, {"model": "admin.logentry", "pk": 189, "fields": {"action_time": "2024-05-24T11:18:56.942Z", "user": 1, "content_type": 20, "object_id": "10", "object_repr": "Socket SP3-5-6", "action_flag": 1, "change_message": "[{\"added\": {}}]"}}, {"model": "admin.logentry", "pk": 190, "fields": {"action_time": "2024-05-24T11:22:22.217Z", "user": 1, "content_type": 18, "object_id": "4", "object_repr": "ARM2", "action_flag": 1, "change_message": "[{\"added\": {}}]"}}, {"model": "admin.logentry", "pk": 191, "fields": {"action_time": "2024-05-24T11:22:29.003Z", "user": 1, "content_type": 18, "object_id": "4", "object_repr": "ARM2", "action_flag": 3, "change_message": ""}}, {"model": "admin.logentry", "pk": 192, "fields": {"action_time": "2024-05-24T11:42:39.429Z", "user": 1, "content_type": 17, "object_id": "7", "object_repr": "Xeon", "action_flag": 1, "change_message": "[{\"added\": {}}]"}}, {"model": "admin.logentry", "pk": 193, "fields": {"action_time": "2024-05-24T11:43:24.602Z", "user": 1, "content_type": 12, "object_id": "18", "object_repr": "AMD Ryzen Z1", "action_flag": 1, "change_message": "[{\"added\": {}}]"}}, {"model": "admin.logentry", "pk": 194, "fields": {"action_time": "2024-05-24T11:44:12.137Z", "user": 1, "content_type": 12, "object_id": "19", "object_repr": "AMD Ryzen Threadripper", "action_flag": 1, "change_message": "[{\"added\": {}}]"}}, {"model": "admin.logentry", "pk": 195, "fields": {"action_time": "2024-05-24T11:44:21.055Z", "user": 1, "content_type": 17, "object_id": "8", "object_repr": "EPYC", "action_flag": 1, "change_message": "[{\"added\": {}}]"}}, {"model": "admin.logentry", "pk": 196, "fields": {"action_time": "2024-05-24T11:44:22.509Z", "user": 1, "content_type": 12, "object_id": "20", "object_repr": "AMD EPYC", "action_flag": 1, "change_message": "[{\"added\": {}}]"}}, {"model": "admin.logentry", "pk": 197, "fields": {"action_time": "2024-05-24T11:45:05.158Z", "user": 1, "content_type": 20, "object_id": "11", "object_repr": "Socket 2011", "action_flag": 1, "change_message": "[{\"added\": {}}]"}}, {"model": "admin.logentry", "pk": 198, "fields": {"action_time": "2024-05-24T11:45:12.679Z", "user": 1, "content_type": 20, "object_id": "12", "object_repr": "Socket 2011-3", "action_flag": 1, "change_message": "[{\"added\": {}}]"}}, {"model": "admin.logentry", "pk": 199, "fields": {"action_time": "2024-05-24T11:45:19.180Z", "user": 1, "content_type": 20, "object_id": "13", "object_repr": "Socket 4677", "action_flag": 1, "change_message": "[{\"added\": {}}]"}}, {"model": "admin.logentry", "pk": 200, "fields": {"action_time": "2024-05-24T11:45:35.744Z", "user": 1, "content_type": 20, "object_id": "14", "object_repr": "Socket FP8", "action_flag": 1, "change_message": "[{\"added\": {}}]"}}, {"model": "admin.logentry", "pk": 201, "fields": {"action_time": "2024-05-24T11:46:10.078Z", "user": 1, "content_type": 20, "object_id": "15", "object_repr": "Socket sTR5", "action_flag": 1, "change_message": "[{\"added\": {}}]"}}, {"model": "admin.logentry", "pk": 202, "fields": {"action_time": "2024-05-24T11:50:28.706Z", "user": 1, "content_type": 12, "object_id": "21", "object_repr": "Intel Xeon Bronze", "action_flag": 1, "change_message": "[{\"added\": {}}]"}}, {"model": "admin.logentry", "pk": 203, "fields": {"action_time": "2024-05-24T11:50:34.960Z", "user": 1, "content_type": 12, "object_id": "22", "object_repr": "Intel Xeon Silver", "action_flag": 1, "change_message": "[{\"added\": {}}]"}}, {"model": "admin.logentry", "pk": 204, "fields": {"action_time": "2024-05-24T11:50:41.690Z", "user": 1, "content_type": 12, "object_id": "23", "object_repr": "Intel Xeon Gold", "action_flag": 1, "change_message": "[{\"added\": {}}]"}}, {"model": "admin.logentry", "pk": 205, "fields": {"action_time": "2024-05-24T11:50:52.923Z", "user": 1, "content_type": 12, "object_id": "24", "object_repr": "Intel Xeon Platinum", "action_flag": 1, "change_message": "[{\"added\": {}}]"}}, {"model": "admin.logentry", "pk": 206, "fields": {"action_time": "2024-05-24T11:51:17.469Z", "user": 1, "content_type": 20, "object_id": "16", "object_repr": "Socket 2066", "action_flag": 1, "change_message": "[{\"added\": {}}]"}}, {"model": "admin.logentry", "pk": 207, "fields": {"action_time": "2024-05-24T11:51:26.851Z", "user": 1, "content_type": 20, "object_id": "17", "object_repr": "Socket 3647", "action_flag": 1, "change_message": "[{\"added\": {}}]"}}, {"model": "admin.logentry", "pk": 208, "fields": {"action_time": "2024-05-24T11:51:29.614Z", "user": 1, "content_type": 20, "object_id": "18", "object_repr": "Socket 4189", "action_flag": 1, "change_message": "[{\"added\": {}}]"}}, {"model": "admin.logentry", "pk": 209, "fields": {"action_time": "2024-05-24T11:55:56.755Z", "user": 1, "content_type": 13, "object_id": "28", "object_repr": "256GB (DDR4)", "action_flag": 1, "change_message": "[{\"added\": {}}]"}}, {"model": "admin.logentry", "pk": 210, "fields": {"action_time": "2024-05-24T11:56:00.094Z", "user": 1, "content_type": 13, "object_id": "29", "object_repr": "256GB (DDR5)", "action_flag": 1, "change_message": "[{\"added\": {}}]"}}, {"model": "admin.logentry", "pk": 211, "fields": {"action_time": "2024-05-24T11:56:03.150Z", "user": 1, "content_type": 13, "object_id": "30", "object_repr": "512GB (DDR4)", "action_flag": 1, "change_message": "[{\"added\": {}}]"}}, {"model": "admin.logentry", "pk": 212, "fields": {"action_time": "2024-05-24T11:56:06.696Z", "user": 1, "content_type": 13, "object_id": "31", "object_repr": "512GB (DDR5)", "action_flag": 1, "change_message": "[{\"added\": {}}]"}}, {"model": "admin.logentry", "pk": 213, "fields": {"action_time": "2024-05-24T11:56:10.312Z", "user": 1, "content_type": 13, "object_id": "32", "object_repr": "1024GB (DDR4)", "action_flag": 1, "change_message": "[{\"added\": {}}]"}}, {"model": "admin.logentry", "pk": 214, "fields": {"action_time": "2024-05-24T11:56:13.666Z", "user": 1, "content_type": 13, "object_id": "33", "object_repr": "1024GB (DDR5)", "action_flag": 1, "change_message": "[{\"added\": {}}]"}}, {"model": "admin.logentry", "pk": 215, "fields": {"action_time": "2024-05-24T11:56:16.275Z", "user": 1, "content_type": 13, "object_id": "34", "object_repr": "1536GB (DDR4)", "action_flag": 1, "change_message": "[{\"added\": {}}]"}}, {"model": "admin.logentry", "pk": 216, "fields": {"action_time": "2024-05-24T11:56:21.100Z", "user": 1, "content_type": 13, "object_id": "35", "object_repr": "1536GB (DDR5)", "action_flag": 1, "change_message": "[{\"added\": {}}]"}}, {"model": "admin.logentry", "pk": 217, "fields": {"action_time": "2024-05-24T12:01:05.217Z", "user": 1, "content_type": 14, "object_id": "15", "object_repr": "128TB (Solid-State Drive (SSD))", "action_flag": 1, "change_message": "[{\"added\": {}}]"}}, {"model": "admin.logentry", "pk": 218, "fields": {"action_time": "2024-05-24T12:01:07.361Z", "user": 1, "content_type": 14, "object_id": "16", "object_repr": "256TB (Solid-State Drive (SSD))", "action_flag": 1, "change_message": "[{\"added\": {}}]"}}, {"model": "admin.logentry", "pk": 219, "fields": {"action_time": "2024-05-24T12:01:09.530Z", "user": 1, "content_type": 14, "object_id": "17", "object_repr": "512TB (Solid-State Drive (SSD))", "action_flag": 1, "change_message": "[{\"added\": {}}]"}}, {"model": "admin.logentry", "pk": 220, "fields": {"action_time": "2024-05-24T12:11:19.216Z", "user": 1, "content_type": 12, "object_id": "25", "object_repr": "Intel Core i9", "action_flag": 1, "change_message": "[{\"added\": {}}]"}}, {"model": "admin.logentry", "pk": 221, "fields": {"action_time": "2024-05-24T12:44:03.127Z", "user": 1, "content_type": 20, "object_id": "19", "object_repr": "FCBGA 1364", "action_flag": 1, "change_message": "[{\"added\": {}}]"}}, {"model": "admin.logentry", "pk": 222, "fields": {"action_time": "2024-05-24T12:44:22.484Z", "user": 1, "content_type": 20, "object_id": "20", "object_repr": "FCBGA 1440", "action_flag": 1, "change_message": "[{\"added\": {}}]"}}, {"model": "admin.logentry", "pk": 223, "fields": {"action_time": "2024-05-24T12:44:27.147Z", "user": 1, "content_type": 20, "object_id": "21", "object_repr": "FCBGA 1449", "action_flag": 1, "change_message": "[{\"added\": {}}]"}}, {"model": "admin.logentry", "pk": 224, "fields": {"action_time": "2024-05-24T12:44:30.006Z", "user": 1, "content_type": 20, "object_id": "22", "object_repr": "FCBGA 1528", "action_flag": 1, "change_message": "[{\"added\": {}}]"}}, {"model": "admin.logentry", "pk": 225, "fields": {"action_time": "2024-05-24T12:44:37.702Z", "user": 1, "content_type": 20, "object_id": "23", "object_repr": "FCBGA 1744", "action_flag": 1, "change_message": "[{\"added\": {}}]"}}, {"model": "admin.logentry", "pk": 226, "fields": {"action_time": "2024-05-24T12:45:25.145Z", "user": 1, "content_type": 20, "object_id": "24", "object_repr": "SOCKET FP7", "action_flag": 1, "change_message": "[{\"added\": {}}]"}}, {"model": "admin.logentry", "pk": 227, "fields": {"action_time": "2024-05-24T12:45:29.591Z", "user": 1, "content_type": 20, "object_id": "25", "object_repr": "SOCKET FP6", "action_flag": 1, "change_message": "[{\"added\": {}}]"}}, {"model": "admin.logentry", "pk": 228, "fields": {"action_time": "2024-05-24T12:45:32.365Z", "user": 1, "content_type": 20, "object_id": "26", "object_repr": "SOCKET FP5", "action_flag": 1, "change_message": "[{\"added\": {}}]"}}, {"model": "admin.logentry", "pk": 229, "fields": {"action_time": "2024-05-24T12:45:35.209Z", "user": 1, "content_type": 20, "object_id": "27", "object_repr": "SOCKET FP4", "action_flag": 1, "change_message": "[{\"added\": {}}]"}}, {"model": "admin.logentry", "pk": 230, "fields": {"action_time": "2024-05-24T12:45:38.750Z", "user": 1, "content_type": 20, "object_id": "28", "object_repr": "SOCKET FT4", "action_flag": 1, "change_message": "[{\"added\": {}}]"}}, {"model": "admin.logentry", "pk": 231, "fields": {"action_time": "2024-05-24T12:45:42.205Z", "user": 1, "content_type": 20, "object_id": "29", "object_repr": "SOCKET FP2", "action_flag": 1, "change_message": "[{\"added\": {}}]"}}, {"model": "admin.logentry", "pk": 232, "fields": {"action_time": "2024-05-27T10:54:33.759Z", "user": 1, "content_type": 7, "object_id": "1", "object_repr": "╨Э╨╛╤Г╤В╨▒╤Г╨║ QT", "action_flag": 1, "change_message": "[{\"added\": {}}]"}}, {"model": "admin.logentry", "pk": 233, "fields": {"action_time": "2024-05-27T10:54:51.840Z", "user": 1, "content_type": 7, "object_id": "2", "object_repr": "╨Э╨╛╤Г╤В╨▒╤Г╨║ QT2", "action_flag": 1, "change_message": "[{\"added\": {}}]"}}, {"model": "admin.logentry", "pk": 234, "fields": {"action_time": "2024-05-27T10:55:11.867Z", "user": 1, "content_type": 7, "object_id": "3", "object_repr": "╨Э╨╛╤Г╤В╨▒╤Г╨║ QT3", "action_flag": 1, "change_message": "[{\"added\": {}}]"}}, {"model": "admin.logentry", "pk": 235, "fields": {"action_time": "2024-05-27T10:55:27.762Z", "user": 1, "content_type": 7, "object_id": "4", "object_repr": "╨Э╨╛╤Г╤В╨▒╤Г╨║ QT4", "action_flag": 1, "change_message": "[{\"added\": {}}]"}}, {"model": "admin.logentry", "pk": 236, "fields": {"action_time": "2024-05-27T10:55:37.958Z", "user": 1, "content_type": 7, "object_id": "5", "object_repr": "╨Э╨╛╤Г╤В╨▒╤Г╨║ QT5", "action_flag": 1, "change_message": "[{\"added\": {}}]"}}, {"model": "admin.logentry", "pk": 237, "fields": {"action_time": "2024-05-27T10:56:10.368Z", "user": 1, "content_type": 7, "object_id": "5", "object_repr": "╨Э╨╛╤Г╤В╨▒╤Г╨║ QT5", "action_flag": 2, "change_message": "[{\"added\": {\"name\": \"product image\", \"object\": \"\\u0418\\u0437\\u043e\\u0431\\u0440\\u0430\\u0436\\u0435\\u043d\\u0438\\u0435 \\u0434\\u043b\\u044f \\u041d\\u043e\\u0443\\u0442\\u0431\\u0443\\u043a QT5\"}}]"}}, {"model": "admin.logentry", "pk": 238, "fields": {"action_time": "2024-05-27T10:56:20.488Z", "user": 1, "content_type": 7, "object_id": "4", "object_repr": "╨Э╨╛╤Г╤В╨▒╤Г╨║ QT4", "action_flag": 2, "change_message": "[{\"added\": {\"name\": \"product image\", \"object\": \"\\u0418\\u0437\\u043e\\u0431\\u0440\\u0430\\u0436\\u0435\\u043d\\u0438\\u0435 \\u0434\\u043b\\u044f \\u041d\\u043e\\u0443\\u0442\\u0431\\u0443\\u043a QT4\"}}]"}}, {"model": "admin.logentry", "pk": 239, "fields": {"action_time": "2024-05-27T10:56:27.330Z", "user": 1, "content_type": 7, "object_id": "3", "object_repr": "╨Э╨╛╤Г╤В╨▒╤Г╨║ QT3", "action_flag": 2, "change_message": "[{\"added\": {\"name\": \"product image\", \"object\": \"\\u0418\\u0437\\u043e\\u0431\\u0440\\u0430\\u0436\\u0435\\u043d\\u0438\\u0435 \\u0434\\u043b\\u044f \\u041d\\u043e\\u0443\\u0442\\u0431\\u0443\\u043a QT3\"}}]"}}, {"model": "admin.logentry", "pk": 240, "fields": {"action_time": "2024-05-27T10:56:33.613Z", "user": 1, "content_type": 7, "object_id": "2", "object_repr": "╨Э╨╛╤Г╤В╨▒╤Г╨║ QT2", "action_flag": 2, "change_message": "[{\"added\": {\"name\": \"product image\", \"object\": \"\\u0418\\u0437\\u043e\\u0431\\u0440\\u0430\\u0436\\u0435\\u043d\\u0438\\u0435 \\u0434\\u043b\\u044f \\u041d\\u043e\\u0443\\u0442\\u0431\\u0443\\u043a QT2\"}}]"}}, {"model": "admin.logentry", "pk": 241, "fields": {"action_time": "2024-05-27T10:56:39.455Z", "user": 1, "content_type": 7, "object_id": "1", "object_repr": "╨Э╨╛╤Г╤В╨▒╤Г╨║ QT", "action_flag": 2, "change_message": "[{\"added\": {\"name\": \"product image\", \"object\": \"\\u0418\\u0437\\u043e\\u0431\\u0440\\u0430\\u0436\\u0435\\u043d\\u0438\\u0435 \\u0434\\u043b\\u044f \\u041d\\u043e\\u0443\\u0442\\u0431\\u0443\\u043a QT\"}}]"}}, {"model": "admin.logentry", "pk": 242, "fields": {"action_time": "2024-05-27T10:57:58.555Z", "user": 1, "content_type": 7, "object_id": "6", "object_repr": "╨Ъ╨╛╨╝╨┐╤М╤О╤В╨╡╤А qt1", "action_flag": 1, "change_message": "[{\"added\": {}}, {\"added\": {\"name\": \"product image\", \"object\": \"\\u0418\\u0437\\u043e\\u0431\\u0440\\u0430\\u0436\\u0435\\u043d\\u0438\\u0435 \\u0434\\u043b\\u044f \\u041a\\u043e\\u043c\\u043f\\u044c\\u044e\\u0442\\u0435\\u0440 qt1\"}}]"}}, {"model": "admin.logentry", "pk": 243, "fields": {"action_time": "2024-05-27T10:58:08.518Z", "user": 1, "content_type": 7, "object_id": "7", "object_repr": "╨Ъ╨╛╨╝╨┐╤М╤О╤В╨╡╤А qt2", "action_flag": 1, "change_message": "[{\"added\": {}}, {\"added\": {\"name\": \"product image\", \"object\": \"\\u0418\\u0437\\u043e\\u0431\\u0440\\u0430\\u0436\\u0435\\u043d\\u0438\\u0435 \\u0434\\u043b\\u044f \\u041a\\u043e\\u043c\\u043f\\u044c\\u044e\\u0442\\u0435\\u0440 qt2\"}}]"}}, {"model": "admin.logentry", "pk": 244, "fields": {"action_time": "2024-05-27T10:58:17.336Z", "user": 1, "content_type": 7, "object_id": "8", "object_repr": "╨Ъ╨╛╨╝╨┐╤М╤О╤В╨╡╤А qt3", "action_flag": 1, "change_message": "[{\"added\": {}}, {\"added\": {\"name\": \"product image\", \"object\": \"\\u0418\\u0437\\u043e\\u0431\\u0440\\u0430\\u0436\\u0435\\u043d\\u0438\\u0435 \\u0434\\u043b\\u044f \\u041a\\u043e\\u043c\\u043f\\u044c\\u044e\\u0442\\u0435\\u0440 qt3\"}}]"}}, {"model": "admin.logentry", "pk": 245, "fields": {"action_time": "2024-05-27T10:58:27.685Z", "user": 1, "content_type": 7, "object_id": "9", "object_repr": "╨Ъ╨╛╨╝╨┐╤М╤О╤В╨╡╤А qt4", "action_flag": 1, "change_message": "[{\"added\": {}}, {\"added\": {\"name\": \"product image\", \"object\": \"\\u0418\\u0437\\u043e\\u0431\\u0440\\u0430\\u0436\\u0435\\u043d\\u0438\\u0435 \\u0434\\u043b\\u044f \\u041a\\u043e\\u043c\\u043f\\u044c\\u044e\\u0442\\u0435\\u0440 qt4\"}}]"}}, {"model": "admin.logentry", "pk": 246, "fields": {"action_time": "2024-05-27T10:58:35.909Z", "user": 1, "content_type": 7, "object_id": "10", "object_repr": "╨Ъ╨╛╨╝╨┐╤М╤О╤В╨╡╤А qt5", "action_flag": 1, "change_message": "[{\"added\": {}}, {\"added\": {\"name\": \"product image\", \"object\": \"\\u0418\\u0437\\u043e\\u0431\\u0440\\u0430\\u0436\\u0435\\u043d\\u0438\\u0435 \\u0434\\u043b\\u044f \\u041a\\u043e\\u043c\\u043f\\u044c\\u044e\\u0442\\u0435\\u0440 qt5\"}}]"}}, {"model": "admin.logentry", "pk": 247, "fields": {"action_time": "2024-05-27T10:59:28.040Z", "user": 1, "content_type": 7, "object_id": "11", "object_repr": "╨Ь╨╛╨╜╨╛╨▒╨╗╨╛╨║ QT1", "action_flag": 1, "change_message": "[{\"added\": {}}, {\"added\": {\"name\": \"product image\", \"object\": \"\\u0418\\u0437\\u043e\\u0431\\u0440\\u0430\\u0436\\u0435\\u043d\\u0438\\u0435 \\u0434\\u043b\\u044f \\u041c\\u043e\\u043d\\u043e\\u0431\\u043b\\u043e\\u043a QT1\"}}]"}}, {"model": "admin.logentry", "pk": 248, "fields": {"action_time": "2024-05-27T10:59:35.639Z", "user": 1, "content_type": 7, "object_id": "12", "object_repr": "╨Ь╨╛╨╜╨╛╨▒╨╗╨╛╨║ QT2", "action_flag": 1, "change_message": "[{\"added\": {}}, {\"added\": {\"name\": \"product image\", \"object\": \"\\u0418\\u0437\\u043e\\u0431\\u0440\\u0430\\u0436\\u0435\\u043d\\u0438\\u0435 \\u0434\\u043b\\u044f \\u041c\\u043e\\u043d\\u043e\\u0431\\u043b\\u043e\\u043a QT2\"}}]"}}, {"model": "admin.logentry", "pk": 249, "fields": {"action_time": "2024-05-27T10:59:42.741Z", "user": 1, "content_type": 7, "object_id": "13", "object_repr": "╨Ь╨╛╨╜╨╛╨▒╨╗╨╛╨║ QT3", "action_flag": 1, "change_message": "[{\"added\": {}}]"}}, {"model": "admin.logentry", "pk": 250, "fields": {"action_time": "2024-05-27T10:59:54.526Z", "user": 1, "content_type": 7, "object_id": "14", "object_repr": "╨Ь╨╛╨╜╨╛╨▒╨╗╨╛╨║ QT4", "action_flag": 1, "change_message": "[{\"added\": {}}, {\"added\": {\"name\": \"product image\", \"object\": \"\\u0418\\u0437\\u043e\\u0431\\u0440\\u0430\\u0436\\u0435\\u043d\\u0438\\u0435 \\u0434\\u043b\\u044f \\u041c\\u043e\\u043d\\u043e\\u0431\\u043b\\u043e\\u043a QT4\"}}]"}}, {"model": "admin.logentry", "pk": 251, "fields": {"action_time": "2024-05-27T11:00:00.576Z", "user": 1, "content_type": 7, "object_id": "13", "object_repr": "╨Ь╨╛╨╜╨╛╨▒╨╗╨╛╨║ QT3", "action_flag": 2, "change_message": "[{\"added\": {\"name\": \"product image\", \"object\": \"\\u0418\\u0437\\u043e\\u0431\\u0440\\u0430\\u0436\\u0435\\u043d\\u0438\\u0435 \\u0434\\u043b\\u044f \\u041c\\u043e\\u043d\\u043e\\u0431\\u043b\\u043e\\u043a QT3\"}}]"}}, {"model": "admin.logentry", "pk": 252, "fields": {"action_time": "2024-05-27T11:00:17.089Z", "user": 1, "content_type": 7, "object_id": "15", "object_repr": "╨Ь╨╛╨╜╨╛╨▒╨╗╨╛╨║ QT5", "action_flag": 1, "change_message": "[{\"added\": {}}]"}}, {"model": "admin.logentry", "pk": 253, "fields": {"action_time": "2024-05-27T11:00:29.393Z", "user": 1, "content_type": 7, "object_id": "15", "object_repr": "╨Ь╨╛╨╜╨╛╨▒╨╗╨╛╨║ QT5", "action_flag": 2, "change_message": "[{\"added\": {\"name\": \"product image\", \"object\": \"\\u0418\\u0437\\u043e\\u0431\\u0440\\u0430\\u0436\\u0435\\u043d\\u0438\\u0435 \\u0434\\u043b\\u044f \\u041c\\u043e\\u043d\\u043e\\u0431\\u043b\\u043e\\u043a QT5\"}}]"}}, {"model": "admin.logentry", "pk": 254, "fields": {"action_time": "2024-05-28T09:33:25.564Z", "user": 1, "content_type": 7, "object_id": "15", "object_repr": "╨Ь╨╛╨╜╨╛╨▒╨╗╨╛╨║ QT5", "action_flag": 3, "change_message": ""}}, {"model": "admin.logentry", "pk": 255, "fields": {"action_time": "2024-05-28T09:33:25.576Z", "user": 1, "content_type": 7, "object_id": "14", "object_repr": "╨Ь╨╛╨╜╨╛╨▒╨╗╨╛╨║ QT4", "action_flag": 3, "change_message": ""}}, {"model": "admin.logentry", "pk": 256, "fields": {"action_time": "2024-05-28T09:33:25.584Z", "user": 1, "content_type": 7, "object_id": "13", "object_repr": "╨Ь╨╛╨╜╨╛╨▒╨╗╨╛╨║ QT3", "action_flag": 3, "change_message": ""}}, {"model": "admin.logentry", "pk": 257, "fields": {"action_time": "2024-05-28T09:33:25.595Z", "user": 1, "content_type": 7, "object_id": "12", "object_repr": "╨Ь╨╛╨╜╨╛╨▒╨╗╨╛╨║ QT2", "action_flag": 3, "change_message": ""}}, {"model": "admin.logentry", "pk": 258, "fields": {"action_time": "2024-05-28T09:33:25.603Z", "user": 1, "content_type": 7, "object_id": "11", "object_repr": "╨Ь╨╛╨╜╨╛╨▒╨╗╨╛╨║ QT1", "action_flag": 3, "change_message": ""}}, {"model": "admin.logentry", "pk": 259, "fields": {"action_time": "2024-05-28T09:33:25.613Z", "user": 1, "content_type": 7, "object_id": "10", "object_repr": "╨Ъ╨╛╨╝╨┐╤М╤О╤В╨╡╤А qt5", "action_flag": 3, "change_message": ""}}, {"model": "admin.logentry", "pk": 260, "fields": {"action_time": "2024-05-28T09:33:25.621Z", "user": 1, "content_type": 7, "object_id": "9", "object_repr": "╨Ъ╨╛╨╝╨┐╤М╤О╤В╨╡╤А qt4", "action_flag": 3, "change_message": ""}}, {"model": "admin.logentry", "pk": 261, "fields": {"action_time": "2024-05-28T09:33:25.626Z", "user": 1, "content_type": 7, "object_id": "8", "object_repr": "╨Ъ╨╛╨╝╨┐╤М╤О╤В╨╡╤А qt3", "action_flag": 3, "change_message": ""}}, {"model": "admin.logentry", "pk": 262, "fields": {"action_time": "2024-05-28T09:33:25.634Z", "user": 1, "content_type": 7, "object_id": "7", "object_repr": "╨Ъ╨╛╨╝╨┐╤М╤О╤В╨╡╤А qt2", "action_flag": 3, "change_message": ""}}, {"model": "admin.logentry", "pk": 263, "fields": {"action_time": "2024-05-28T09:33:25.641Z", "user": 1, "content_type": 7, "object_id": "6", "object_repr": "╨Ъ╨╛╨╝╨┐╤М╤О╤В╨╡╤А qt1", "action_flag": 3, "change_message": ""}}, {"model": "admin.logentry", "pk": 264, "fields": {"action_time": "2024-05-28T09:33:25.647Z", "user": 1, "content_type": 7, "object_id": "5", "object_repr": "╨Э╨╛╤Г╤В╨▒╤Г╨║ QT5", "action_flag": 3, "change_message": ""}}, {"model": "admin.logentry", "pk": 265, "fields": {"action_time": "2024-05-28T09:33:25.652Z", "user": 1, "content_type": 7, "object_id": "4", "object_repr": "╨Э╨╛╤Г╤В╨▒╤Г╨║ QT4", "action_flag": 3, "change_message": ""}}, {"model": "admin.logentry", "pk": 266, "fields": {"action_time": "2024-05-28T09:33:25.655Z", "user": 1, "content_type": 7, "object_id": "3", "object_repr": "╨Э╨╛╤Г╤В╨▒╤Г╨║ QT3", "action_flag": 3, "change_message": ""}}, {"model": "admin.logentry", "pk": 267, "fields": {"action_time": "2024-05-28T09:33:25.664Z", "user": 1, "content_type": 7, "object_id": "2", "object_repr": "╨Э╨╛╤Г╤В╨▒╤Г╨║ QT2", "action_flag": 3, "change_message": ""}}, {"model": "admin.logentry", "pk": 268, "fields": {"action_time": "2024-05-28T09:33:25.666Z", "user": 1, "content_type": 7, "object_id": "1", "object_repr": "╨Э╨╛╤Г╤В╨▒╤Г╨║ QT", "action_flag": 3, "change_message": ""}}, {"model": "admin.logentry", "pk": 269, "fields": {"action_time": "2024-05-28T11:14:49.478Z", "user": 1, "content_type": 7, "object_id": "1", "object_repr": "1", "action_flag": 1, "change_message": "[{\"added\": {}}]"}}, {"model": "admin.logentry", "pk": 270, "fields": {"action_time": "2024-05-29T05:36:41.414Z", "user": 1, "content_type": 7, "object_id": "1", "object_repr": "1", "action_flag": 2, "change_message": "[{\"changed\": {\"fields\": [\"\\u041e\\u043f\\u0438\\u0441\\u0430\\u043d\\u0438\\u0435\", \"\\u041e\\u0441\\u043e\\u0431\\u0435\\u043d\\u043d\\u043e\\u0441\\u0442\\u0438(\\u043a\\u0440\\u0430\\u0442\\u043a\\u043e)\"]}}, {\"added\": {\"name\": \"product image\", \"object\": \"\\u0418\\u0437\\u043e\\u0431\\u0440\\u0430\\u0436\\u0435\\u043d\\u0438\\u0435 \\u0434\\u043b\\u044f 1\"}}]"}}, {"model": "admin.logentry", "pk": 271, "fields": {"action_time": "2024-05-29T05:37:08.277Z", "user": 1, "content_type": 7, "object_id": "1", "object_repr": "QT 15 ULYTRA BOOK", "action_flag": 2, "change_message": "[{\"changed\": {\"fields\": [\"\\u041d\\u0430\\u0437\\u0432\\u0430\\u043d\\u0438\\u0435\"]}}]"}}, {"model": "auth.permission", "pk": 1, "fields": {"name": "Can add log entry", "content_type": 1, "codename": "add_logentry"}}, {"model": "auth.permission", "pk": 2, "fields": {"name": "Can change log entry", "content_type": 1, "codename": "change_logentry"}}, {"model": "auth.permission", "pk": 3, "fields": {"name": "Can delete log entry", "content_type": 1, "codename": "delete_logentry"}}, {"model": "auth.permission", "pk": 4, "fields": {"name": "Can view log entry", "content_type": 1, "codename": "view_logentry"}}, {"model": "auth.permission", "pk": 5, "fields": {"name": "Can add permission", "content_type": 2, "codename": "add_permission"}}, {"model": "auth.permission", "pk": 6, "fields": {"name": "Can change permission", "content_type": 2, "codename": "change_permission"}}, {"model": "auth.permission", "pk": 7, "fields": {"name": "Can delete permission", "content_type": 2, "codename": "delete_permission"}}, {"model": "auth.permission", "pk": 8, "fields": {"name": "Can view permission", "content_type": 2, "codename": "view_permission"}}, {"model": "auth.permission", "pk": 9, "fields": {"name": "Can add group", "content_type": 3, "codename": "add_group"}}, {"model": "auth.permission", "pk": 10, "fields": {"name": "Can change group", "content_type": 3, "codename": "change_group"}}, {"model": "auth.permission", "pk": 11, "fields": {"name": "Can delete group", "content_type": 3, "codename": "delete_group"}}, {"model": "auth.permission", "pk": 12, "fields": {"name": "Can view group", "content_type": 3, "codename": "view_group"}}, {"model": "auth.permission", "pk": 13, "fields": {"name": "Can add user", "content_type": 4, "codename": "add_user"}}, {"model": "auth.permission", "pk": 14, "fields": {"name": "Can change user", "content_type": 4, "codename": "change_user"}}, {"model": "auth.permission", "pk": 15, "fields": {"name": "Can delete user", "content_type": 4, "codename": "delete_user"}}, {"model": "auth.permission", "pk": 16, "fields": {"name": "Can view user", "content_type": 4, "codename": "view_user"}}, {"model": "auth.permission", "pk": 17, "fields": {"name": "Can add content type", "content_type": 5, "codename": "add_contenttype"}}, {"model": "auth.permission", "pk": 18, "fields": {"name": "Can change content type", "content_type": 5, "codename": "change_contenttype"}}, {"model": "auth.permission", "pk": 19, "fields": {"name": "Can delete content type", "content_type": 5, "codename": "delete_contenttype"}}, {"model": "auth.permission", "pk": 20, "fields": {"name": "Can view content type", "content_type": 5, "codename": "view_contenttype"}}, {"model": "auth.permission", "pk": 21, "fields": {"name": "Can add session", "content_type": 6, "codename": "add_session"}}, {"model": "auth.permission", "pk": 22, "fields": {"name": "Can change session", "content_type": 6, "codename": "change_session"}}, {"model": "auth.permission", "pk": 23, "fields": {"name": "Can delete session", "content_type": 6, "codename": "delete_session"}}, {"model": "auth.permission", "pk": 24, "fields": {"name": "Can view session", "content_type": 6, "codename": "view_session"}}, {"model": "auth.permission", "pk": 25, "fields": {"name": "Can add product", "content_type": 7, "codename": "add_product"}}, {"model": "auth.permission", "pk": 26, "fields": {"name": "Can change product", "content_type": 7, "codename": "change_product"}}, {"model": "auth.permission", "pk": 27, "fields": {"name": "Can delete product", "content_type": 7, "codename": "delete_product"}}, {"model": "auth.permission", "pk": 28, "fields": {"name": "Can view product", "content_type": 7, "codename": "view_product"}}, {"model": "auth.permission", "pk": 29, "fields": {"name": "Can add category", "content_type": 8, "codename": "add_category"}}, {"model": "auth.permission", "pk": 30, "fields": {"name": "Can change category", "content_type": 8, "codename": "change_category"}}, {"model": "auth.permission", "pk": 31, "fields": {"name": "Can delete category", "content_type": 8, "codename": "delete_category"}}, {"model": "auth.permission", "pk": 32, "fields": {"name": "Can view category", "content_type": 8, "codename": "view_category"}}, {"model": "auth.permission", "pk": 33, "fields": {"name": "Can add graphics", "content_type": 9, "codename": "add_graphics"}}, {"model": "auth.permission", "pk": 34, "fields": {"name": "Can change graphics", "content_type": 9, "codename": "change_graphics"}}, {"model": "auth.permission", "pk": 35, "fields": {"name": "Can delete graphics", "content_type": 9, "codename": "delete_graphics"}}, {"model": "auth.permission", "pk": 36, "fields": {"name": "Can view graphics", "content_type": 9, "codename": "view_graphics"}}, {"model": "auth.permission", "pk": 37, "fields": {"name": "Can add operating system", "content_type": 10, "codename": "add_operatingsystem"}}, {"model": "auth.permission", "pk": 38, "fields": {"name": "Can change operating system", "content_type": 10, "codename": "change_operatingsystem"}}, {"model": "auth.permission", "pk": 39, "fields": {"name": "Can delete operating system", "content_type": 10, "codename": "delete_operatingsystem"}}, {"model": "auth.permission", "pk": 40, "fields": {"name": "Can view operating system", "content_type": 10, "codename": "view_operatingsystem"}}, {"model": "auth.permission", "pk": 41, "fields": {"name": "Can add port", "content_type": 11, "codename": "add_port"}}, {"model": "auth.permission", "pk": 42, "fields": {"name": "Can change port", "content_type": 11, "codename": "change_port"}}, {"model": "auth.permission", "pk": 43, "fields": {"name": "Can delete port", "content_type": 11, "codename": "delete_port"}}, {"model": "auth.permission", "pk": 44, "fields": {"name": "Can view port", "content_type": 11, "codename": "view_port"}}, {"model": "auth.permission", "pk": 45, "fields": {"name": "Can add processor", "content_type": 12, "codename": "add_processor"}}, {"model": "auth.permission", "pk": 46, "fields": {"name": "Can change processor", "content_type": 12, "codename": "change_processor"}}, {"model": "auth.permission", "pk": 47, "fields": {"name": "Can delete processor", "content_type": 12, "codename": "delete_processor"}}, {"model": "auth.permission", "pk": 48, "fields": {"name": "Can view processor", "content_type": 12, "codename": "view_processor"}}, {"model": "auth.permission", "pk": 49, "fields": {"name": "Can add ram", "content_type": 13, "codename": "add_ram"}}, {"model": "auth.permission", "pk": 50, "fields": {"name": "Can change ram", "content_type": 13, "codename": "change_ram"}}, {"model": "auth.permission", "pk": 51, "fields": {"name": "Can delete ram", "content_type": 13, "codename": "delete_ram"}}, {"model": "auth.permission", "pk": 52, "fields": {"name": "Can view ram", "content_type": 13, "codename": "view_ram"}}, {"model": "auth.permission", "pk": 53, "fields": {"name": "Can add storage", "content_type": 14, "codename": "add_storage"}}, {"model": "auth.permission", "pk": 54, "fields": {"name": "Can change storage", "content_type": 14, "codename": "change_storage"}}, {"model": "auth.permission", "pk": 55, "fields": {"name": "Can delete storage", "content_type": 14, "codename": "delete_storage"}}, {"model": "auth.permission", "pk": 56, "fields": {"name": "Can view storage", "content_type": 14, "codename": "view_storage"}}, {"model": "auth.permission", "pk": 57, "fields": {"name": "Can add product description", "content_type": 15, "codename": "add_productdescription"}}, {"model": "auth.permission", "pk": 58, "fields": {"name": "Can change product description", "content_type": 15, "codename": "change_productdescription"}}, {"model": "auth.permission", "pk": 59, "fields": {"name": "Can delete product description", "content_type": 15, "codename": "delete_productdescription"}}, {"model": "auth.permission", "pk": 60, "fields": {"name": "Can view product description", "content_type": 15, "codename": "view_productdescription"}}, {"model": "auth.permission", "pk": 61, "fields": {"name": "Can add product image", "content_type": 16, "codename": "add_productimage"}}, {"model": "auth.permission", "pk": 62, "fields": {"name": "Can change product image", "content_type": 16, "codename": "change_productimage"}}, {"model": "auth.permission", "pk": 63, "fields": {"name": "Can delete product image", "content_type": 16, "codename": "delete_productimage"}}, {"model": "auth.permission", "pk": 64, "fields": {"name": "Can view product image", "content_type": 16, "codename": "view_productimage"}}, {"model": "auth.permission", "pk": 65, "fields": {"name": "Can add line", "content_type": 17, "codename": "add_line"}}, {"model": "auth.permission", "pk": 66, "fields": {"name": "Can change line", "content_type": 17, "codename": "change_line"}}, {"model": "auth.permission", "pk": 67, "fields": {"name": "Can delete line", "content_type": 17, "codename": "delete_line"}}, {"model": "auth.permission", "pk": 68, "fields": {"name": "Can view line", "content_type": 17, "codename": "view_line"}}, {"model": "auth.permission", "pk": 69, "fields": {"name": "Can add brand", "content_type": 18, "codename": "add_brand"}}, {"model": "auth.permission", "pk": 70, "fields": {"name": "Can change brand", "content_type": 18, "codename": "change_brand"}}, {"model": "auth.permission", "pk": 71, "fields": {"name": "Can delete brand", "content_type": 18, "codename": "delete_brand"}}, {"model": "auth.permission", "pk": 72, "fields": {"name": "Can view brand", "content_type": 18, "codename": "view_brand"}}, {"model": "auth.permission", "pk": 73, "fields": {"name": "Can add ram type", "content_type": 19, "codename": "add_ramtype"}}, {"model": "auth.permission", "pk": 74, "fields": {"name": "Can change ram type", "content_type": 19, "codename": "change_ramtype"}}, {"model": "auth.permission", "pk": 75, "fields": {"name": "Can delete ram type", "content_type": 19, "codename": "delete_ramtype"}}, {"model": "auth.permission", "pk": 76, "fields": {"name": "Can view ram type", "content_type": 19, "codename": "view_ramtype"}}, {"model": "auth.permission", "pk": 77, "fields": {"name": "Can add proc brand", "content_type": 18, "codename": "add_procbrand"}}, {"model": "auth.permission", "pk": 78, "fields": {"name": "Can change proc brand", "content_type": 18, "codename": "change_procbrand"}}, {"model": "auth.permission", "pk": 79, "fields": {"name": "Can delete proc brand", "content_type": 18, "codename": "delete_procbrand"}}, {"model": "auth.permission", "pk": 80, "fields": {"name": "Can view proc brand", "content_type": 18, "codename": "view_procbrand"}}, {"model": "auth.permission", "pk": 81, "fields": {"name": "Can add proc line", "content_type": 17, "codename": "add_procline"}}, {"model": "auth.permission", "pk": 82, "fields": {"name": "Can change proc line", "content_type": 17, "codename": "change_procline"}}, {"model": "auth.permission", "pk": 83, "fields": {"name": "Can delete proc line", "content_type": 17, "codename": "delete_procline"}}, {"model": "auth.permission", "pk": 84, "fields": {"name": "Can view proc line", "content_type": 17, "codename": "view_procline"}}, {"model": "auth.permission", "pk": 85, "fields": {"name": "Can add motherboard", "content_type": 20, "codename": "add_motherboard"}}, {"model": "auth.permission", "pk": 86, "fields": {"name": "Can change motherboard", "content_type": 20, "codename": "change_motherboard"}}, {"model": "auth.permission", "pk": 87, "fields": {"name": "Can delete motherboard", "content_type": 20, "codename": "delete_motherboard"}}, {"model": "auth.permission", "pk": 88, "fields": {"name": "Can view motherboard", "content_type": 20, "codename": "view_motherboard"}}, {"model": "auth.permission", "pk": 89, "fields": {"name": "Can add screen size", "content_type": 21, "codename": "add_screensize"}}, {"model": "auth.permission", "pk": 90, "fields": {"name": "Can change screen size", "content_type": 21, "codename": "change_screensize"}}, {"model": "auth.permission", "pk": 91, "fields": {"name": "Can delete screen size", "content_type": 21, "codename": "delete_screensize"}}, {"model": "auth.permission", "pk": 92, "fields": {"name": "Can view screen size", "content_type": 21, "codename": "view_screensize"}}, {"model": "auth.permission", "pk": 93, "fields": {"name": "Can add power supply", "content_type": 22, "codename": "add_powersupply"}}, {"model": "auth.permission", "pk": 94, "fields": {"name": "Can change power supply", "content_type": 22, "codename": "change_powersupply"}}, {"model": "auth.permission", "pk": 95, "fields": {"name": "Can delete power supply", "content_type": 22, "codename": "delete_powersupply"}}, {"model": "auth.permission", "pk": 96, "fields": {"name": "Can view power supply", "content_type": 22, "codename": "view_powersupply"}}, {"model": "auth.permission", "pk": 97, "fields": {"name": "Can add controller", "content_type": 23, "codename": "add_controller"}}, {"model": "auth.permission", "pk": 98, "fields": {"name": "Can change controller", "content_type": 23, "codename": "change_controller"}}, {"model": "auth.permission", "pk": 99, "fields": {"name": "Can delete controller", "content_type": 23, "codename": "delete_controller"}}, {"model": "auth.permission", "pk": 100, "fields": {"name": "Can view controller", "content_type": 23, "codename": "view_controller"}}, {"model": "auth.permission", "pk": 101, "fields": {"name": "Can add size", "content_type": 24, "codename": "add_size"}}, {"model": "auth.permission", "pk": 102, "fields": {"name": "Can change size", "content_type": 24, "codename": "change_size"}}, {"model": "auth.permission", "pk": 103, "fields": {"name": "Can delete size", "content_type": 24, "codename": "delete_size"}}, {"model": "auth.permission", "pk": 104, "fields": {"name": "Can view size", "content_type": 24, "codename": "view_size"}}, {"model": "auth.user", "pk": 1, "fields": {"password": "pbkdf2_sha256$720000$mh3xwDZCinFqDwvoNBa0CU$08rsxROEDn6X1L/v50iOFXY6Snkg5mSVAVvFP3tlqm4=", "last_login": "2024-05-29T05:36:21.914Z", "is_superuser": true, "username": "admin", "first_name": "", "last_name": "", "email": "", "is_staff": true, "is_active": true, "date_joined": "2024-05-20T08:18:53.467Z", "groups": [], "user_permissions": []}}, {"model": "contenttypes.contenttype", "pk": 1, "fields": {"app_label": "admin", "model": "logentry"}}, {"model": "contenttypes.contenttype", "pk": 2, "fields": {"app_label": "auth", "model": "permission"}}, {"model": "contenttypes.contenttype", "pk": 3, "fields": {"app_label": "auth", "model": "group"}}, {"model": "contenttypes.contenttype", "pk": 4, "fields": {"app_label": "auth", "model": "user"}}, {"model": "contenttypes.contenttype", "pk": 5, "fields": {"app_label": "contenttypes", "model": "contenttype"}}, {"model": "contenttypes.contenttype", "pk": 6, "fields": {"app_label": "sessions", "model": "session"}}, {"model": "contenttypes.contenttype", "pk": 7, "fields": {"app_label": "QT_store", "model": "product"}}, {"model": "contenttypes.contenttype", "pk": 8, "fields": {"app_label": "QT_store", "model": "category"}}, {"model": "contenttypes.contenttype", "pk": 9, "fields": {"app_label": "QT_store", "model": "graphics"}}, {"model": "contenttypes.contenttype", "pk": 10, "fields": {"app_label": "QT_store", "model": "operatingsystem"}}, {"model": "contenttypes.contenttype", "pk": 11, "fields": {"app_label": "QT_store", "model": "port"}}, {"model": "contenttypes.contenttype", "pk": 12, "fields": {"app_label": "QT_store", "model": "processor"}}, {"model": "contenttypes.contenttype", "pk": 13, "fields": {"app_label": "QT_store", "model": "ram"}}, {"model": "contenttypes.contenttype", "pk": 14, "fields": {"app_label": "QT_store", "model": "storage"}}, {"model": "contenttypes.contenttype", "pk": 15, "fields": {"app_label": "QT_store", "model": "productdescription"}}, {"model": "contenttypes.contenttype", "pk": 16, "fields": {"app_label": "QT_store", "model": "productimage"}}, {"model": "contenttypes.contenttype", "pk": 17, "fields": {"app_label": "QT_store", "model": "procline"}}, {"model": "contenttypes.contenttype", "pk": 18, "fields": {"app_label": "QT_store", "model": "procbrand"}}, {"model": "contenttypes.contenttype", "pk": 19, "fields": {"app_label": "QT_store", "model": "ramtype"}}, {"model": "contenttypes.contenttype", "pk": 20, "fields": {"app_label": "QT_store", "model": "motherboard"}}, {"model": "contenttypes.contenttype", "pk": 21, "fields": {"app_label": "QT_store", "model": "screensize"}}, {"model": "contenttypes.contenttype", "pk": 22, "fields": {"app_label": "QT_store", "model": "powersupply"}}, {"model": "contenttypes.contenttype", "pk": 23, "fields": {"app_label": "QT_store", "model": "controller"}}, {"model": "contenttypes.contenttype", "pk": 24, "fields": {"app_label": "QT_store", "model": "size"}}, {"model": "sessions.session", "pk": "8wzb5e3f227i15jx7bj1wvmo9uw7z23q", "fields": {"session_data": ".eJxVjEEOwiAQRe_C2pCBDlhcuu8ZyDCAVA0kpV0Z765NutDtf-_9l_C0rcVvPS1-juIilDj9boH4keoO4p3qrUludV3mIHdFHrTLqcX0vB7u30GhXr41KjpjIsyIdlBGq5iVJtRDHjCF0UIMwNY5MBYYGdCQJQqjIwic2Ir3B8kwN7A:1sA58W:0f56bPqHbiYddfowtL4ZG5W9E3--CQE19ZEjaB93V_E", "expire_date": "2024-06-06T09:53:24.379Z"}}, {"model": "sessions.session", "pk": "9x4td65nr73wsksml0dpc6cyihfilbix", "fields": {"session_data": ".eJxVjEEOwiAQRe_C2pCBDlhcuu8ZyDCAVA0kpV0Z765NutDtf-_9l_C0rcVvPS1-juIilDj9boH4keoO4p3qrUludV3mIHdFHrTLqcX0vB7u30GhXr41KjpjIsyIdlBGq5iVJtRDHjCF0UIMwNY5MBYYGdCQJQqjIwic2Ir3B8kwN7A:1sASdD:oSJCGHeLO50NpYjq9yvDyxnsDQOk_dUGKvFHllj0eUg", "expire_date": "2024-06-07T10:58:39.610Z"}}, {"model": "sessions.session", "pk": "a1fi1azd1mp6jrofp2cmpmd05qk05hm1", "fields": {"session_data": ".eJxVjEEOwiAQRe_C2pCBDlhcuu8ZyDCAVA0kpV0Z765NutDtf-_9l_C0rcVvPS1-juIilDj9boH4keoO4p3qrUludV3mIHdFHrTLqcX0vB7u30GhXr41KjpjIsyIdlBGq5iVJtRDHjCF0UIMwNY5MBYYGdCQJQqjIwic2Ir3B8kwN7A:1sBv8R:nm3xZXo6VQvFpI_YApMR5sAZXwEh_WpL1zs7Daflh6I", "expire_date": "2024-06-11T11:36:55.368Z"}}, {"model": "sessions.session", "pk": "ebo8bpvcy766a8drfgx11maksupwo7ar", "fields": {"session_data": ".eJxVjEEOwiAQRe_C2pCBDlhcuu8ZyDCAVA0kpV0Z765NutDtf-_9l_C0rcVvPS1-juIilDj9boH4keoO4p3qrUludV3mIHdFHrTLqcX0vB7u30GhXr41KjpjIsyIdlBGq5iVJtRDHjCF0UIMwNY5MBYYGdCQJQqjIwic2Ir3B8kwN7A:1s8yEd:KKrHzrAKN84fRd9QvjRIceTg_y1ubB6feUsKOHQpaos", "expire_date": "2024-06-03T08:19:07.418Z"}}, {"model": "sessions.session", "pk": "g7fwy1ox2j5xqg17a8t6jf5dnzcmbxja", "fields": {"session_data": ".eJxVjEEOwiAQRe_C2pCBDlhcuu8ZyDCAVA0kpV0Z765NutDtf-_9l_C0rcVvPS1-juIilDj9boH4keoO4p3qrUludV3mIHdFHrTLqcX0vB7u30GhXr41KjpjIsyIdlBGq5iVJtRDHjCF0UIMwNY5MBYYGdCQJQqjIwic2Ir3B8kwN7A:1sAQON:LPmmH8IegudDEJRCSeUHO9wnJqF9xfHgD1hfrY9doFM", "expire_date": "2024-06-07T08:35:11.873Z"}}, {"model": "sessions.session", "pk": "iuhxix8hlc8nmq1y67jwlpltid56jq0o", "fields": {"session_data": ".eJxVjEEOwiAQRe_C2pCBDlhcuu8ZyDCAVA0kpV0Z765NutDtf-_9l_C0rcVvPS1-juIilDj9boH4keoO4p3qrUludV3mIHdFHrTLqcX0vB7u30GhXr41KjpjIsyIdlBGq5iVJtRDHjCF0UIMwNY5MBYYGdCQJQqjIwic2Ir3B8kwN7A:1sCBz3:nOOnderzS1TATxHBYVJO65dBV-cylehinpSTzFeMBjE", "expire_date": "2024-06-12T05:36:21.934Z"}}, {"model": "sessions.session", "pk": "ktxg9prabvexak154pdogcpp36sk4vmf", "fields": {"session_data": ".eJxVjEEOwiAQRe_C2pCBDlhcuu8ZyDCAVA0kpV0Z765NutDtf-_9l_C0rcVvPS1-juIilDj9boH4keoO4p3qrUludV3mIHdFHrTLqcX0vB7u30GhXr41KjpjIsyIdlBGq5iVJtRDHjCF0UIMwNY5MBYYGdCQJQqjIwic2Ir3B8kwN7A:1s9Mcn:5dSRgTL3_oRViL-K7QnqAclJm1NisSetPCWq0RVFZ_U", "expire_date": "2024-06-04T10:21:41.420Z"}}, {"model": "sessions.session", "pk": "q4l4sfp4iachkwxp1usrg7phg8l2sm1u", "fields": {"session_data": ".eJxVjEEOwiAQRe_C2pCBDlhcuu8ZyDCAVA0kpV0Z765NutDtf-_9l_C0rcVvPS1-juIilDj9boH4keoO4p3qrUludV3mIHdFHrTLqcX0vB7u30GhXr41KjpjIsyIdlBGq5iVJtRDHjCF0UIMwNY5MBYYGdCQJQqjIwic2Ir3B8kwN7A:1sBt7B:QNxh0IDZtVlFtGZkswYSM_kNHzG3G0mcFCrAfGo6_aw", "expire_date": "2024-06-11T09:27:29.228Z"}}, {"model": "sessions.session", "pk": "ra2849gv6u37eb16886w346zeallf1uz", "fields": {"session_data": ".eJxVjEEOwiAQRe_C2pCBDlhcuu8ZyDCAVA0kpV0Z765NutDtf-_9l_C0rcVvPS1-juIilDj9boH4keoO4p3qrUludV3mIHdFHrTLqcX0vB7u30GhXr41KjpjIsyIdlBGq5iVJtRDHjCF0UIMwNY5MBYYGdCQJQqjIwic2Ir3B8kwN7A:1sBXxV:y4e-RtHTadwwyFMcrr9bVYpm2xHTYire21zD7MZxjj8", "expire_date": "2024-06-10T10:52:05.629Z"}}, {"model": "sessions.session", "pk": "wod00pdlpzcvard7ii8tpbk4a39fc2dc", "fields": {"session_data": ".eJxVjEEOwiAQRe_C2pCBDlhcuu8ZyDCAVA0kpV0Z765NutDtf-_9l_C0rcVvPS1-juIilDj9boH4keoO4p3qrUludV3mIHdFHrTLqcX0vB7u30GhXr41KjpjIsyIdlBGq5iVJtRDHjCF0UIMwNY5MBYYGdCQJQqjIwic2Ir3B8kwN7A:1s9fBO:uRr4fV4wf4Ergfw808dKJo7GH8Urvn7a8HtqpJho4G4", "expire_date": "2024-06-05T06:10:38.451Z"}}, {"model": "QT_store.category", "pk": 1, "fields": {"name": "╨Э╨╛╤Г╤В╨▒╤Г╨║╨╕", "description": "╨Ь╨╛╤Й╨╜╤Л╨╡ ╨╜╨╛╤Г╤В╨▒╤Г╨║╨╕ ╨┤╨╗╤П ╨▓╨░╤И╨╡╨╣ ╤Н╤Д╤Д╨╡╨║╤В╨╕╨▓╨╜╨╛╨╣ ╤А╨░╨▒╨╛╤В╤Л ╨╕ ╤А╨░╨╖╨▓╨╗╨╡╤З╨╡╨╜╨╕╨╣ тАУ ╨▓╤Л╨▒╨╛╤А ╨┐╤А╨╛╤Д╨╡╤Б╤Б╨╕╨╛╨╜╨░╨╗╨╛╨▓.", "image": "static/category_images/╨╜.jpg"}}, {"model": "QT_store.category", "pk": 2, "fields": {"name": "╨Ъ╨╛╨╝╨┐╤М╤О╤В╨╡╤А╤Л", "description": "╨Ы╤Г╤З╤И╨╕╨╡ ╨Я╨Ъ ╨▓ ╨║╨╛╨╝╨┐╨╗╨╡╨║╤В╨╡: ╨╝╨╛╤Й╨╜╤Л╨╡, ╨╜╨░╨┤╨╡╨╢╨╜╤Л╨╡ ╨╕ ╨│╨╛╤В╨╛╨▓╤Л╨╡ ╨║ ╤А╨░╨▒╨╛╤В╨╡.", "image": "static/category_images/╨║.webp"}}, {"model": "QT_store.category", "pk": 8, "fields": {"name": "╨Ь╨╛╨╜╨╛╨▒╨╗╨╛╨║╨╕", "description": "╨б╨╛╨▓╤А╨╡╨╝╨╡╨╜╨╜╤Л╨╡ ╨╝╨╛╨╜╨╛╨▒╨╗╨╛╨║╨╕: ╤Б╤В╨╕╨╗╤М╨╜╤Л╨╡, ╨║╨╛╨╝╨┐╨░╨║╤В╨╜╤Л╨╡, ╨╕╨┤╨╡╨░╨╗╤М╨╜╨╛╨╡ ╤А╨╡╤И╨╡╨╜╨╕╨╡ ╨┤╨╗╤П ╨▓╨░╤И╨╡╨│╨╛ ╨┐╤А╨╛╤Б╤В╤А╨░╨╜╤Б╤В╨▓╨░ ╨╕ ╨┐╤А╨╛╨╕╨╖╨▓╨╛╨┤╨╕╤В╨╡╨╗╤М╨╜╨╛╤Б╤В╨╕.", "image": "static/category_images/╨╝.jpg"}}, {"model": "QT_store.category", "pk": 9, "fields": {"name": "╨а╨░╨▒╨╛╤З╨╕╨╡ ╤Б╤В╨░╨╜╤Ж╨╕╨╕", "description": "╨Я╤А╨╛╤Д╨╡╤Б╤Б╨╕╨╛╨╜╨░╨╗╤М╨╜╤Л╨╡ ╤Б╨╕╤Б╤В╨╡╨╝╤Л ╨┤╨╗╤П ╨▓╤Л╤Б╨╛╨║╨╛╨╣ ╨┐╤А╨╛╨╕╨╖╨▓╨╛╨┤╨╕╤В╨╡╨╗╤М╨╜╨╛╤Б╤В╨╕ ╨╕ ╤В╨▓╨╛╤А╤З╨╡╤Б╨║╨╛╨╣ ╤А╨░╨▒╨╛╤В╤Л.", "image": "static/category_images/╤А╤Б.jpg"}}, {"model": "QT_store.category", "pk": 10, "fields": {"name": "╨Ш╨╜╤В╨╡╤А╨░╨║╤В╨╕╨▓╨╜╤Л╨╡ ╨┐╨░╨╜╨╡╨╗╨╕", "description": "╨Ь╨╛╤Й╨╜╤Л╨╡ ╨╕╨╜╤Б╤В╤А╤Г╨╝╨╡╨╜╤В╤Л ╨┤╨╗╤П ╤Б╨╛╨▓╨╝╨╡╤Б╤В╨╜╨╛╨╣ ╤А╨░╨▒╨╛╤В╤Л ╨╕ ╨╛╨▒╤Г╤З╨╡╨╜╨╕╤П.", "image": "static/category_images/╨╕╨┐.jpg"}}, {"model": "QT_store.category", "pk": 11, "fields": {"name": "╨б╨╕╤Б╤В╨╡╨╝╨╜╤Л╨╡ ╨▒╨╗╨╛╨║╨╕", "description": "╨Э╨░╨┤╨╡╨╢╨╜╤Л╨╡ ╨╕ ╨┐╤А╨╛╨╕╨╖╨▓╨╛╨┤╨╕╤В╨╡╨╗╤М╨╜╤Л╨╡ ╤А╨╡╤И╨╡╨╜╨╕╤П ╨┤╨╗╤П ╨▓╨░╤И╨╡╨│╨╛ ╤А╨░╨▒╨╛╤З╨╡╨│╨╛ ╨┐╤А╨╛╤Б╤В╤А╨░╨╜╤Б╤В╨▓╨░.", "image": "static/category_images/╤Б╨▒.jpg"}}, {"model": "QT_store.category", "pk": 12, "fields": {"name": "╨б╨╡╤А╨▓╨╡╤А╨░", "description": "╨Э╨░╨┤╨╡╨╢╨╜╤Л╨╡ ╨╕ ╨╝╨╛╤Й╨╜╤Л╨╡ ╤Б╨╡╤А╨▓╨╡╤А╨╜╤Л╨╡ ╤А╨╡╤И╨╡╨╜╨╕╤П ╨┤╨╗╤П ╨▓╨░╤И╨╡╨│╨╛ ╨▒╨╕╨╖╨╜╨╡╤Б╨░.", "image": "static/category_images/╤Б╨╡╤А╨▓╨╡╤А╨░.jpg"}}, {"model": "QT_store.procbrand", "pk": 1, "fields": {"name": "Intel"}}, {"model": "QT_store.procbrand", "pk": 2, "fields": {"name": "AMD"}}, {"model": "QT_store.procbrand", "pk": 3, "fields": {"name": "ARM"}}, {"model": "QT_store.procline", "pk": 1, "fields": {"brand": 1, "name": "Celeron"}}, {"model": "QT_store.procline", "pk": 2, "fields": {"brand": 1, "name": "Pentium"}}, {"model": "QT_store.procline", "pk": 3, "fields": {"brand": 1, "name": "Core"}}, {"model": "QT_store.procline", "pk": 4, "fields": {"brand": 2, "name": "Athlon"}}, {"model": "QT_store.procline", "pk": 5, "fields": {"brand": 2, "name": "Ryzen"}}, {"model": "QT_store.procline", "pk": 6, "fields": {"brand": 3, "name": "Quad-core Cortex"}}, {"model": "QT_store.procline", "pk": 7, "fields": {"brand": 1, "name": "Xeon"}}, {"model": "QT_store.procline", "pk": 8, "fields": {"brand": 2, "name": "EPYC"}}, {"model": "QT_store.processor", "pk": 5, "fields": {"brand": 1, "line": 1, "series": null, "name": "Intel Celeron"}}, {"model": "QT_store.processor", "pk": 6, "fields": {"brand": 1, "line": 2, "series": null, "name": "Intel Pentium"}}, {"model": "QT_store.processor", "pk": 7, "fields": {"brand": 1, "line": 3, "series": "i3", "name": "Intel Core i3"}}, {"model": "QT_store.processor", "pk": 8, "fields": {"brand": 1, "line": 3, "series": "i5", "name": "Intel Core i5"}}, {"model": "QT_store.processor", "pk": 9, "fields": {"brand": 1, "line": 3, "series": "i7", "name": "Intel Core i7"}}, {"model": "QT_store.processor", "pk": 10, "fields": {"brand": 2, "line": 4, "series": null, "name": "AMD Athlon"}}, {"model": "QT_store.processor", "pk": 11, "fields": {"brand": 2, "line": 5, "series": "3", "name": "AMD Ryzen 3"}}, {"model": "QT_store.processor", "pk": 12, "fields": {"brand": 2, "line": 5, "series": "5", "name": "AMD Ryzen 5"}}, {"model": "QT_store.processor", "pk": 13, "fields": {"brand": 2, "line": 5, "series": "7", "name": "AMD Ryzen 7"}}, {"model": "QT_store.processor", "pk": 14, "fields": {"brand": 2, "line": 5, "series": "9", "name": "AMD Ryzen 9"}}, {"model": "QT_store.processor", "pk": 15, "fields": {"brand": 3, "line": 6, "series": "A53", "name": "ARM Quad-core Cortex A53"}}, {"model": "QT_store.processor", "pk": 16, "fields": {"brand": 3, "line": 6, "series": "A55", "name": "ARM Quad-core Cortex A55"}}, {"model": "QT_store.processor", "pk": 17, "fields": {"brand": 3, "line": 6, "series": "A72-A77", "name": "ARM Quad-core Cortex A72-A77"}}, {"model": "QT_store.processor", "pk": 18, "fields": {"brand": 2, "line": 5, "series": "Z1", "name": "AMD Ryzen Z1"}}, {"model": "QT_store.processor", "pk": 19, "fields": {"brand": 2, "line": 5, "series": "Threadripper", "name": "AMD Ryzen Threadripper"}}, {"model": "QT_store.processor", "pk": 20, "fields": {"brand": 2, "line": 8, "series": null, "name": "AMD EPYC"}}, {"model": "QT_store.processor", "pk": 21, "fields": {"brand": 1, "line": 7, "series": "Bronze", "name": "Intel Xeon Bronze"}}, {"model": "QT_store.processor", "pk": 22, "fields": {"brand": 1, "line": 7, "series": "Silver", "name": "Intel Xeon Silver"}}, {"model": "QT_store.processor", "pk": 23, "fields": {"brand": 1, "line": 7, "series": "Gold", "name": "Intel Xeon Gold"}}, {"model": "QT_store.processor", "pk": 24, "fields": {"brand": 1, "line": 7, "series": "Platinum", "name": "Intel Xeon Platinum"}}, {"model": "QT_store.processor", "pk": 25, "fields": {"brand": 1, "line": 3, "series": "i9", "name": "Intel Core i9"}}, {"model": "QT_store.ram", "pk": 9, "fields": {"size": "4GB", "type": "DDR3"}}, {"model": "QT_store.ram", "pk": 10, "fields": {"size": "4GB", "type": "DDR4"}}, {"model": "QT_store.ram", "pk": 11, "fields": {"size": "4GB", "type": "DDR5"}}, {"model": "QT_store.ram", "pk": 12, "fields": {"size": "8GB", "type": "DDR3"}}, {"model": "QT_store.ram", "pk": 13, "fields": {"size": "8GB", "type": "DDR4"}}, {"model": "QT_store.ram", "pk": 14, "fields": {"size": "8GB", "type": "DDR5"}}, {"model": "QT_store.ram", "pk": 15, "fields": {"size": "16GB", "type": "DDR3"}}, {"model": "QT_store.ram", "pk": 16, "fields": {"size": "16GB", "type": "DDR4"}}, {"model": "QT_store.ram", "pk": 17, "fields": {"size": "16GB", "type": "DDR5"}}, {"model": "QT_store.ram", "pk": 18, "fields": {"size": "32GB", "type": "DDR3"}}, {"model": "QT_store.ram", "pk": 19, "fields": {"size": "32GB", "type": "DDR4"}}, {"model": "QT_store.ram", "pk": 20, "fields": {"size": "32GB", "type": "DDR4"}}, {"model": "QT_store.ram", "pk": 21, "fields": {"size": "32GB", "type": "DDR5"}}, {"model": "QT_store.ram", "pk": 22, "fields": {"size": "64GB", "type": "DDR3"}}, {"model": "QT_store.ram", "pk": 23, "fields": {"size": "64GB", "type": "DDR4"}}, {"model": "QT_store.ram", "pk": 24, "fields": {"size": "64GB", "type": "DDR5"}}, {"model": "QT_store.ram", "pk": 25, "fields": {"size": "128GB", "type": "DDR3"}}, {"model": "QT_store.ram", "pk": 26, "fields": {"size": "128GB", "type": "DDR4"}}, {"model": "QT_store.ram", "pk": 27, "fields": {"size": "128GB", "type": "DDR5"}}, {"model": "QT_store.ram", "pk": 28, "fields": {"size": "256GB", "type": "DDR4"}}, {"model": "QT_store.ram", "pk": 29, "fields": {"size": "256GB", "type": "DDR5"}}, {"model": "QT_store.ram", "pk": 30, "fields": {"size": "512GB", "type": "DDR4"}}, {"model": "QT_store.ram", "pk": 31, "fields": {"size": "512GB", "type": "DDR5"}}, {"model": "QT_store.ram", "pk": 32, "fields": {"size": "1024GB", "type": "DDR4"}}, {"model": "QT_store.ram", "pk": 33, "fields": {"size": "1024GB", "type": "DDR5"}}, {"model": "QT_store.ram", "pk": 34, "fields": {"size": "1536GB", "type": "DDR4"}}, {"model": "QT_store.ram", "pk": 35, "fields": {"size": "1536GB", "type": "DDR5"}}, {"model": "QT_store.storage", "pk": 1, "fields": {"size": "120GB", "type": "SSD"}}, {"model": "QT_store.storage", "pk": 2, "fields": {"size": "240GB", "type": "SSD"}}, {"model": "QT_store.storage", "pk": 3, "fields": {"size": "480GB", "type": "SSD"}}, {"model": "QT_store.storage", "pk": 4, "fields": {"size": "1TB", "type": "SSD"}}, {"model": "QT_store.storage", "pk": 5, "fields": {"size": "2TB", "type": "SSD"}}, {"model": "QT_store.storage", "pk": 6, "fields": {"size": "4TB", "type": "SSD"}}, {"model": "QT_store.storage", "pk": 7, "fields": {"size": "500GB", "type": "HDD"}}, {"model": "QT_store.storage", "pk": 8, "fields": {"size": "1TB", "type": "HDD"}}, {"model": "QT_store.storage", "pk": 9, "fields": {"size": "2TB", "type": "HDD"}}, {"model": "QT_store.storage", "pk": 10, "fields": {"size": "4TB", "type": "HDD"}}, {"model": "QT_store.storage", "pk": 11, "fields": {"size": "8TB", "type": "HDD"}}, {"model": "QT_store.storage", "pk": 12, "fields": {"size": "16TB", "type": "HDD"}}, {"model": "QT_store.storage", "pk": 13, "fields": {"size": "32TB", "type": "HDD"}}, {"model": "QT_store.storage", "pk": 14, "fields": {"size": "64TB", "type": "HDD"}}, {"model": "QT_store.storage", "pk": 15, "fields": {"size": "128TB", "type": "SSD"}}, {"model": "QT_store.storage", "pk": 16, "fields": {"size": "256TB", "type": "SSD"}}, {"model": "QT_store.storage", "pk": 17, "fields": {"size": "512TB", "type": "SSD"}}, {"model": "QT_store.storage", "pk": 18, "fields": {"size": "120GB", "type": "HDD"}}, {"model": "QT_store.storage", "pk": 19, "fields": {"size": "240GB", "type": "HDD"}}, {"model": "QT_store.storage", "pk": 20, "fields": {"size": "480GB", "type": "HDD"}}, {"model": "QT_store.storage", "pk": 21, "fields": {"size": "500GB", "type": "SSD"}}, {"model": "QT_store.storage", "pk": 22, "fields": {"size": "8TB", "type": "SSD"}}, {"model": "QT_store.storage", "pk": 23, "fields": {"size": "16TB", "type": "SSD"}}, {"model": "QT_store.storage", "pk": 24, "fields": {"size": "32TB", "type": "SSD"}}, {"model": "QT_store.storage", "pk": 25, "fields": {"size": "64TB", "type": "SSD"}}, {"model": "QT_store.storage", "pk": 26, "fields": {"size": "120GB", "type": "NVMe"}}, {"model": "QT_store.storage", "pk": 27, "fields": {"size": "240GB", "type": "NVMe"}}, {"model": "QT_store.storage", "pk": 28, "fields": {"size": "480GB", "type": "NVMe"}}, {"model": "QT_store.storage", "pk": 29, "fields": {"size": "500GB", "type": "NVMe"}}, {"model": "QT_store.storage", "pk": 30, "fields": {"size": "1TB", "type": "NVMe"}}, {"model": "QT_store.storage", "pk": 31, "fields": {"size": "2TB", "type": "NVMe"}}, {"model": "QT_store.storage", "pk": 32, "fields": {"size": "4TB", "type": "NVMe"}}, {"model": "QT_store.storage", "pk": 33, "fields": {"size": "8TB", "type": "NVMe"}}, {"model": "QT_store.storage", "pk": 34, "fields": {"size": "16TB", "type": "NVMe"}}, {"model": "QT_store.storage", "pk": 35, "fields": {"size": "32TB", "type": "NVMe"}}, {"model": "QT_store.storage", "pk": 36, "fields": {"size": "64TB", "type": "NVMe"}}, {"model": "QT_store.motherboard", "pk": 1, "fields": {"line": "FCBGA", "type": "1155", "name": "Socket 1155"}}, {"model": "QT_store.motherboard", "pk": 2, "fields": {"line": "FCBGA", "type": "1150", "name": "Socket 1150"}}, {"model": "QT_store.motherboard", "pk": 3, "fields": {"line": "FCBGA", "type": "1151", "name": "Socket 1151"}}, {"model": "QT_store.motherboard", "pk": 4, "fields": {"line": "FCBGA", "type": "1200", "name": "Socket 1200"}}, {"model": "QT_store.motherboard", "pk": 5, "fields": {"line": "FCBGA", "type": "1700", "name": "Socket 1700"}}, {"model": "QT_store.motherboard", "pk": 6, "fields": {"line": "FCBGA", "type": "FM2", "name": "Socket FM2"}}, {"model": "QT_store.motherboard", "pk": 7, "fields": {"line": "FCBGA", "type": "AM3", "name": "Socket AM3"}}, {"model": "QT_store.motherboard", "pk": 8, "fields": {"line": "FCBGA", "type": "AM4", "name": "Socket AM4"}}, {"model": "QT_store.motherboard", "pk": 9, "fields": {"line": "FCBGA", "type": "AM5", "name": "Socket AM5"}}, {"model": "QT_store.motherboard", "pk": 10, "fields": {"line": "FCBGA", "type": "SP3-5-6", "name": "Socket SP3-5-6"}}, {"model": "QT_store.motherboard", "pk": 11, "fields": {"line": "FCBGA", "type": "2011", "name": "Socket 2011"}}, {"model": "QT_store.motherboard", "pk": 12, "fields": {"line": "FCBGA", "type": "2011-3", "name": "Socket 2011-3"}}, {"model": "QT_store.motherboard", "pk": 13, "fields": {"line": "FCBGA", "type": "4677", "name": "Socket 4677"}}, {"model": "QT_store.motherboard", "pk": 14, "fields": {"line": "FCBGA", "type": "FP8", "name": "Socket FP8"}}, {"model": "QT_store.motherboard", "pk": 15, "fields": {"line": "FCBGA", "type": "sTR5", "name": "Socket sTR5"}}, {"model": "QT_store.motherboard", "pk": 16, "fields": {"line": "FCBGA", "type": "2066", "name": "Socket 2066"}}, {"model": "QT_store.motherboard", "pk": 17, "fields": {"line": "FCBGA", "type": "3647", "name": "Socket 3647"}}, {"model": "QT_store.motherboard", "pk": 18, "fields": {"line": "FCBGA", "type": "4189", "name": "Socket 4189"}}, {"model": "QT_store.motherboard", "pk": 19, "fields": {"line": "FCBGA", "type": "1364", "name": "FCBGA 1364"}}, {"model": "QT_store.motherboard", "pk": 20, "fields": {"line": "FCBGA", "type": "1440", "name": "FCBGA 1440"}}, {"model": "QT_store.motherboard", "pk": 21, "fields": {"line": "FCBGA", "type": "1449", "name": "FCBGA 1449"}}, {"model": "QT_store.motherboard", "pk": 22, "fields": {"line": "FCBGA", "type": "1528", "name": "FCBGA 1528"}}, {"model": "QT_store.motherboard", "pk": 23, "fields": {"line": "FCBGA", "type": "1744", "name": "FCBGA 1744"}}, {"model": "QT_store.motherboard", "pk": 24, "fields": {"line": "SOCKET", "type": "FP7", "name": "SOCKET FP7"}}, {"model": "QT_store.motherboard", "pk": 25, "fields": {"line": "SOCKET", "type": "FP6", "name": "SOCKET FP6"}}, {"model": "QT_store.motherboard", "pk": 26, "fields": {"line": "SOCKET", "type": "FP5", "name": "SOCKET FP5"}}, {"model": "QT_store.motherboard", "pk": 27, "fields": {"line": "SOCKET", "type": "FP4", "name": "SOCKET FP4"}}, {"model": "QT_store.motherboard", "pk": 28, "fields": {"line": "SOCKET", "type": "FT4", "name": "SOCKET FT4"}}, {"model": "QT_store.motherboard", "pk": 29, "fields": {"line": "SOCKET", "type": "FP2", "name": "SOCKET FP2"}}, {"model": "QT_store.port", "pk": 1, "fields": {"name": "PS/2"}}, {"model": "QT_store.port", "pk": 2, "fields": {"name": "VGA"}}, {"model": "QT_store.port", "pk": 3, "fields": {"name": "DVI"}}, {"model": "QT_store.product", "pk": 1, "fields": {"category": 1, "name": "QT 15 ULYTRA BOOK", "description": "12121", "weight": "1.00", "features": "1sadasdsadsadasdasdas", "processor": null, "operating_system": null, "ram": null, "storage": null, "operating_temperature": null, "storage_temperature": null, "operating_humidity": null, "storage_humidity": null, "screen_type": null, "webcam": "", "discrete_graphics": null, "keyboard_type": null, "keyboard_backlight": null, "touch_screen": "", "touch_screen_touches": null, "screen_resolution": null, "form_factor": null, "ports": [], "screen_sizes": [], "power_supplies": [], "controllers": [], "sizes": []}}, {"model": "QT_store.productimage", "pk": 21, "fields": {"product": 1, "image": "static/product_images/laptop_FrfAbFt.jpg"}}]