[{"model": "QT_store.category", "pk": 1, "fields": {"name": "═юєЄсєъш", "description": "╠ю∙э√х эюєЄсєъш фы  тр°хщ ¤ЇЇхъЄштэющ ЁрсюЄ√ ш Ёрчтыхўхэшщ Ц т√сюЁ яЁюЇхёёшюэрыют.", "image": "static/category_images/laptop2.jpg"}}, {"model": "QT_store.category", "pk": 2, "fields": {"name": "╩юья№■ЄхЁ√", "description": "╦єў°шх ╧╩ т ъюьяыхъЄх: ью∙э√х, эрфхцэ√х ш уюЄют√х ъ ЁрсюЄх.", "image": "static/category_images/pcdes.png"}}, {"model": "QT_store.category", "pk": 8, "fields": {"name": "╠юэюсыюъш", "description": "╤ютЁхьхээ√х ьюэюсыюъш: ёЄшы№э√х ш ъюьяръЄэ√х.", "image": "static/category_images/monobl.png"}}, {"model": "QT_store.category", "pk": 9, "fields": {"name": "╨рсюўшх ёЄрэЎшш", "description": "╧ЁюЇхёёшюэры№э√х ёшёЄхь√ фы  т√ёюъющ яЁюшчтюфшЄхы№эюёЄш ш ЄтюЁўхёъющ ЁрсюЄ√.", "image": "static/category_images/workstat.jpg"}}, {"model": "QT_store.category", "pk": 10, "fields": {"name": "╚эЄхЁръЄштэ√х ярэхыш", "description": "╠ю∙э√х шэёЄЁєьхэЄ√ фы  ёютьхёЄэющ ЁрсюЄ√ ш юсєўхэш .", "image": "static/category_images/шя.jpg"}}, {"model": "QT_store.category", "pk": 11, "fields": {"name": "╤шёЄхьэ√х сыюъш", "description": "═рфхцэ√х ш яЁюшчтюфшЄхы№э√х Ёх°хэш  фы  тр°хую Ёрсюўхую яЁюёЄЁрэёЄтр.", "image": "static/category_images/pc3.png"}}, {"model": "QT_store.category", "pk": 12, "fields": {"name": "╤хЁтхЁр", "description": "═рфхцэ√х ш ью∙э√х ёхЁтхЁэ√х Ёх°хэш  фы  тр°хую сшчэхёр.", "image": "static/category_images/ёхЁтхЁр.jpg"}}, {"model": "QT_store.procbrand", "pk": 1, "fields": {"name": "Intel"}}, {"model": "QT_store.procbrand", "pk": 2, "fields": {"name": "AMD"}}, {"model": "QT_store.procbrand", "pk": 3, "fields": {"name": "ARM"}}, {"model": "QT_store.procline", "pk": 1, "fields": {"brand": 1, "name": "Celeron"}}, {"model": "QT_store.procline", "pk": 2, "fields": {"brand": 1, "name": "Pentium"}}, {"model": "QT_store.procline", "pk": 3, "fields": {"brand": 1, "name": "Core"}}, {"model": "QT_store.procline", "pk": 4, "fields": {"brand": 2, "name": "Athlon"}}, {"model": "QT_store.procline", "pk": 5, "fields": {"brand": 2, "name": "Ryzen"}}, {"model": "QT_store.procline", "pk": 6, "fields": {"brand": 3, "name": "Quad-core Cortex"}}, {"model": "QT_store.procline", "pk": 7, "fields": {"brand": 1, "name": "Xeon"}}, {"model": "QT_store.procline", "pk": 8, "fields": {"brand": 2, "name": "EPYC"}}, {"model": "QT_store.processor", "pk": 5, "fields": {"brand": 1, "line": 1, "series": null, "name": "Intel Celeron"}}, {"model": "QT_store.processor", "pk": 6, "fields": {"brand": 1, "line": 2, "series": null, "name": "Intel Pentium"}}, {"model": "QT_store.processor", "pk": 7, "fields": {"brand": 1, "line": 3, "series": "i3", "name": "Intel Core i3"}}, {"model": "QT_store.processor", "pk": 8, "fields": {"brand": 1, "line": 3, "series": "i5", "name": "Intel Core i5"}}, {"model": "QT_store.processor", "pk": 9, "fields": {"brand": 1, "line": 3, "series": "i7", "name": "Intel Core i7"}}, {"model": "QT_store.processor", "pk": 10, "fields": {"brand": 2, "line": 4, "series": null, "name": "AMD Athlon"}}, {"model": "QT_store.processor", "pk": 11, "fields": {"brand": 2, "line": 5, "series": "3", "name": "AMD Ryzen 3"}}, {"model": "QT_store.processor", "pk": 12, "fields": {"brand": 2, "line": 5, "series": "5", "name": "AMD Ryzen 5"}}, {"model": "QT_store.processor", "pk": 13, "fields": {"brand": 2, "line": 5, "series": "7", "name": "AMD Ryzen 7"}}, {"model": "QT_store.processor", "pk": 14, "fields": {"brand": 2, "line": 5, "series": "9", "name": "AMD Ryzen 9"}}, {"model": "QT_store.processor", "pk": 15, "fields": {"brand": 3, "line": 6, "series": "A53", "name": "ARM Quad-core Cortex A53"}}, {"model": "QT_store.processor", "pk": 16, "fields": {"brand": 3, "line": 6, "series": "A55", "name": "ARM Quad-core Cortex A55"}}, {"model": "QT_store.processor", "pk": 17, "fields": {"brand": 3, "line": 6, "series": "A72-A77", "name": "ARM Quad-core Cortex A72-A77"}}, {"model": "QT_store.processor", "pk": 18, "fields": {"brand": 2, "line": 5, "series": "Z1", "name": "AMD Ryzen Z1"}}, {"model": "QT_store.processor", "pk": 19, "fields": {"brand": 2, "line": 5, "series": "Threadripper", "name": "AMD Ryzen Threadripper"}}, {"model": "QT_store.processor", "pk": 20, "fields": {"brand": 2, "line": 8, "series": null, "name": "AMD EPYC"}}, {"model": "QT_store.processor", "pk": 21, "fields": {"brand": 1, "line": 7, "series": "Bronze", "name": "Intel Xeon Bronze"}}, {"model": "QT_store.processor", "pk": 22, "fields": {"brand": 1, "line": 7, "series": "Silver", "name": "Intel Xeon Silver"}}, {"model": "QT_store.processor", "pk": 23, "fields": {"brand": 1, "line": 7, "series": "Gold", "name": "Intel Xeon Gold"}}, {"model": "QT_store.processor", "pk": 24, "fields": {"brand": 1, "line": 7, "series": "Platinum", "name": "Intel Xeon Platinum"}}, {"model": "QT_store.processor", "pk": 25, "fields": {"brand": 1, "line": 3, "series": "i9", "name": "Intel Core i9"}}, {"model": "QT_store.ram", "pk": 9, "fields": {"size": "4GB", "type": "DDR3"}}, {"model": "QT_store.ram", "pk": 10, "fields": {"size": "4GB", "type": "DDR4"}}, {"model": "QT_store.ram", "pk": 11, "fields": {"size": "4GB", "type": "DDR5"}}, {"model": "QT_store.ram", "pk": 12, "fields": {"size": "8GB", "type": "DDR3"}}, {"model": "QT_store.ram", "pk": 13, "fields": {"size": "8GB", "type": "DDR4"}}, {"model": "QT_store.ram", "pk": 14, "fields": {"size": "8GB", "type": "DDR5"}}, {"model": "QT_store.ram", "pk": 15, "fields": {"size": "16GB", "type": "DDR3"}}, {"model": "QT_store.ram", "pk": 16, "fields": {"size": "16GB", "type": "DDR4"}}, {"model": "QT_store.ram", "pk": 17, "fields": {"size": "16GB", "type": "DDR5"}}, {"model": "QT_store.ram", "pk": 18, "fields": {"size": "32GB", "type": "DDR3"}}, {"model": "QT_store.ram", "pk": 19, "fields": {"size": "32GB", "type": "DDR4"}}, {"model": "QT_store.ram", "pk": 20, "fields": {"size": "32GB", "type": "DDR4"}}, {"model": "QT_store.ram", "pk": 21, "fields": {"size": "32GB", "type": "DDR5"}}, {"model": "QT_store.ram", "pk": 22, "fields": {"size": "64GB", "type": "DDR3"}}, {"model": "QT_store.ram", "pk": 23, "fields": {"size": "64GB", "type": "DDR4"}}, {"model": "QT_store.ram", "pk": 24, "fields": {"size": "64GB", "type": "DDR5"}}, {"model": "QT_store.ram", "pk": 25, "fields": {"size": "128GB", "type": "DDR3"}}, {"model": "QT_store.ram", "pk": 26, "fields": {"size": "128GB", "type": "DDR4"}}, {"model": "QT_store.ram", "pk": 27, "fields": {"size": "128GB", "type": "DDR5"}}, {"model": "QT_store.ram", "pk": 28, "fields": {"size": "256GB", "type": "DDR4"}}, {"model": "QT_store.ram", "pk": 29, "fields": {"size": "256GB", "type": "DDR5"}}, {"model": "QT_store.ram", "pk": 30, "fields": {"size": "512GB", "type": "DDR4"}}, {"model": "QT_store.ram", "pk": 31, "fields": {"size": "512GB", "type": "DDR5"}}, {"model": "QT_store.ram", "pk": 32, "fields": {"size": "1024GB", "type": "DDR4"}}, {"model": "QT_store.ram", "pk": 33, "fields": {"size": "1024GB", "type": "DDR5"}}, {"model": "QT_store.ram", "pk": 34, "fields": {"size": "1536GB", "type": "DDR4"}}, {"model": "QT_store.ram", "pk": 35, "fields": {"size": "1536GB", "type": "DDR5"}}, {"model": "QT_store.storage", "pk": 1, "fields": {"size": "120GB", "type": "SSD"}}, {"model": "QT_store.storage", "pk": 2, "fields": {"size": "240GB", "type": "SSD"}}, {"model": "QT_store.storage", "pk": 3, "fields": {"size": "480GB", "type": "SSD"}}, {"model": "QT_store.storage", "pk": 4, "fields": {"size": "1TB", "type": "SSD"}}, {"model": "QT_store.storage", "pk": 5, "fields": {"size": "2TB", "type": "SSD"}}, {"model": "QT_store.storage", "pk": 6, "fields": {"size": "4TB", "type": "SSD"}}, {"model": "QT_store.storage", "pk": 7, "fields": {"size": "500GB", "type": "HDD"}}, {"model": "QT_store.storage", "pk": 8, "fields": {"size": "1TB", "type": "HDD"}}, {"model": "QT_store.storage", "pk": 9, "fields": {"size": "2TB", "type": "HDD"}}, {"model": "QT_store.storage", "pk": 10, "fields": {"size": "4TB", "type": "HDD"}}, {"model": "QT_store.storage", "pk": 11, "fields": {"size": "8TB", "type": "HDD"}}, {"model": "QT_store.storage", "pk": 12, "fields": {"size": "16TB", "type": "HDD"}}, {"model": "QT_store.storage", "pk": 13, "fields": {"size": "32TB", "type": "HDD"}}, {"model": "QT_store.storage", "pk": 14, "fields": {"size": "64TB", "type": "HDD"}}, {"model": "QT_store.storage", "pk": 15, "fields": {"size": "128TB", "type": "SSD"}}, {"model": "QT_store.storage", "pk": 16, "fields": {"size": "256TB", "type": "SSD"}}, {"model": "QT_store.storage", "pk": 17, "fields": {"size": "512TB", "type": "SSD"}}, {"model": "QT_store.storage", "pk": 18, "fields": {"size": "120GB", "type": "HDD"}}, {"model": "QT_store.storage", "pk": 19, "fields": {"size": "240GB", "type": "HDD"}}, {"model": "QT_store.storage", "pk": 20, "fields": {"size": "480GB", "type": "HDD"}}, {"model": "QT_store.storage", "pk": 21, "fields": {"size": "500GB", "type": "SSD"}}, {"model": "QT_store.storage", "pk": 22, "fields": {"size": "8TB", "type": "SSD"}}, {"model": "QT_store.storage", "pk": 23, "fields": {"size": "16TB", "type": "SSD"}}, {"model": "QT_store.storage", "pk": 24, "fields": {"size": "32TB", "type": "SSD"}}, {"model": "QT_store.storage", "pk": 25, "fields": {"size": "64TB", "type": "SSD"}}, {"model": "QT_store.storage", "pk": 26, "fields": {"size": "120GB", "type": "NVMe"}}, {"model": "QT_store.storage", "pk": 27, "fields": {"size": "240GB", "type": "NVMe"}}, {"model": "QT_store.storage", "pk": 28, "fields": {"size": "480GB", "type": "NVMe"}}, {"model": "QT_store.storage", "pk": 29, "fields": {"size": "500GB", "type": "NVMe"}}, {"model": "QT_store.storage", "pk": 30, "fields": {"size": "1TB", "type": "NVMe"}}, {"model": "QT_store.storage", "pk": 31, "fields": {"size": "2TB", "type": "NVMe"}}, {"model": "QT_store.storage", "pk": 32, "fields": {"size": "4TB", "type": "NVMe"}}, {"model": "QT_store.storage", "pk": 33, "fields": {"size": "8TB", "type": "NVMe"}}, {"model": "QT_store.storage", "pk": 34, "fields": {"size": "16TB", "type": "NVMe"}}, {"model": "QT_store.storage", "pk": 35, "fields": {"size": "32TB", "type": "NVMe"}}, {"model": "QT_store.storage", "pk": 36, "fields": {"size": "64TB", "type": "NVMe"}}, {"model": "QT_store.motherboard", "pk": 1, "fields": {"line": "FCBGA", "type": "1155", "name": "Socket 1155"}}, {"model": "QT_store.motherboard", "pk": 2, "fields": {"line": "FCBGA", "type": "1150", "name": "Socket 1150"}}, {"model": "QT_store.motherboard", "pk": 3, "fields": {"line": "FCBGA", "type": "1151", "name": "Socket 1151"}}, {"model": "QT_store.motherboard", "pk": 4, "fields": {"line": "FCBGA", "type": "1200", "name": "Socket 1200"}}, {"model": "QT_store.motherboard", "pk": 5, "fields": {"line": "FCBGA", "type": "1700", "name": "Socket 1700"}}, {"model": "QT_store.motherboard", "pk": 6, "fields": {"line": "FCBGA", "type": "FM2", "name": "Socket FM2"}}, {"model": "QT_store.motherboard", "pk": 7, "fields": {"line": "FCBGA", "type": "AM3", "name": "Socket AM3"}}, {"model": "QT_store.motherboard", "pk": 8, "fields": {"line": "FCBGA", "type": "AM4", "name": "Socket AM4"}}, {"model": "QT_store.motherboard", "pk": 9, "fields": {"line": "FCBGA", "type": "AM5", "name": "Socket AM5"}}, {"model": "QT_store.motherboard", "pk": 10, "fields": {"line": "FCBGA", "type": "SP3-5-6", "name": "Socket SP3-5-6"}}, {"model": "QT_store.motherboard", "pk": 11, "fields": {"line": "FCBGA", "type": "2011", "name": "Socket 2011"}}, {"model": "QT_store.motherboard", "pk": 12, "fields": {"line": "FCBGA", "type": "2011-3", "name": "Socket 2011-3"}}, {"model": "QT_store.motherboard", "pk": 13, "fields": {"line": "FCBGA", "type": "4677", "name": "Socket 4677"}}, {"model": "QT_store.motherboard", "pk": 14, "fields": {"line": "FCBGA", "type": "FP8", "name": "Socket FP8"}}, {"model": "QT_store.motherboard", "pk": 15, "fields": {"line": "FCBGA", "type": "sTR5", "name": "Socket sTR5"}}, {"model": "QT_store.motherboard", "pk": 16, "fields": {"line": "FCBGA", "type": "2066", "name": "Socket 2066"}}, {"model": "QT_store.motherboard", "pk": 17, "fields": {"line": "FCBGA", "type": "3647", "name": "Socket 3647"}}, {"model": "QT_store.motherboard", "pk": 18, "fields": {"line": "FCBGA", "type": "4189", "name": "Socket 4189"}}, {"model": "QT_store.motherboard", "pk": 19, "fields": {"line": "FCBGA", "type": "1364", "name": "FCBGA 1364"}}, {"model": "QT_store.motherboard", "pk": 20, "fields": {"line": "FCBGA", "type": "1440", "name": "FCBGA 1440"}}, {"model": "QT_store.motherboard", "pk": 21, "fields": {"line": "FCBGA", "type": "1449", "name": "FCBGA 1449"}}, {"model": "QT_store.motherboard", "pk": 22, "fields": {"line": "FCBGA", "type": "1528", "name": "FCBGA 1528"}}, {"model": "QT_store.motherboard", "pk": 23, "fields": {"line": "FCBGA", "type": "1744", "name": "FCBGA 1744"}}, {"model": "QT_store.motherboard", "pk": 24, "fields": {"line": "SOCKET", "type": "FP7", "name": "SOCKET FP7"}}, {"model": "QT_store.motherboard", "pk": 25, "fields": {"line": "SOCKET", "type": "FP6", "name": "SOCKET FP6"}}, {"model": "QT_store.motherboard", "pk": 26, "fields": {"line": "SOCKET", "type": "FP5", "name": "SOCKET FP5"}}, {"model": "QT_store.motherboard", "pk": 27, "fields": {"line": "SOCKET", "type": "FP4", "name": "SOCKET FP4"}}, {"model": "QT_store.motherboard", "pk": 28, "fields": {"line": "SOCKET", "type": "FT4", "name": "SOCKET FT4"}}, {"model": "QT_store.motherboard", "pk": 29, "fields": {"line": "SOCKET", "type": "FP2", "name": "SOCKET FP2"}}, {"model": "QT_store.port", "pk": 1, "fields": {"name": "PS/2"}}, {"model": "QT_store.port", "pk": 2, "fields": {"name": "VGA"}}, {"model": "QT_store.port", "pk": 3, "fields": {"name": "DVI"}}, {"model": "QT_store.product", "pk": 1, "fields": {"category": 1, "name": "QT 15 ULYTRA BOOK", "description": "12121", "weight": "1.00", "features": "1sadasdsadsadasdasdas", "processor": null, "operating_system": null, "ram": null, "storage": null, "operating_temperature": null, "storage_temperature": null, "operating_humidity": null, "storage_humidity": null, "screen_type": null, "webcam": "", "discrete_graphics": null, "keyboard_type": null, "keyboard_backlight": null, "touch_screen": "", "touch_screen_touches": null, "screen_resolution": null, "form_factor": null, "ports": [], "screen_sizes": [], "power_supplies": [], "controllers": [], "sizes": []}}, {"model": "QT_store.productimage", "pk": 21, "fields": {"product": 1, "image": "static/product_images/laptop_FrfAbFt.jpg"}}]